No.,transition,lambda(invacuo),Ei(cm^-1),Ek(cm^-1),gi,gk,Aki(10^8s^-1),fik,S(a.u.),log(gf),
1,1S-2p,1215.66962039,0.00000,82259.19141,2,2,6.2649,0.13873,1.1098,-0.55680,
2,1S-3p,1025.72010424,0.00000,97492.48317,2,2,1.6725,0.26366E-01,0.17797,-1.27792,
3,1S-4p,972.53445551,0.00000,102824.12045,2,2,0.68186,0.96633E-02,0.61844E-01,-1.71385,
4,1S-5p,949.74066867,0.00000,105291.90051,2,2,0.34375,0.46459E-02,0.29036E-01,-2.03190,
5,1S-6p,937.80108953,0.00000,106632.42037,2,2,0.19728,0.25997E-02,0.16044E-01,-2.28405,
6,1S-7p,930.74589408,0.00000,107440.71033,2,2,0.12362,0.16046E-02,0.98279E-02,-2.49361,
7,1S-2P,1215.66422563,0.00000,82259.55646,2,4,6.2648*,0.27745,2.2196,0.04525,
8,1S-3P,1025.71896628,0.00000,97492.59133,2,4,1.6725*,0.52733E-01,0.35594,-0.67586,
9,1S-4P,972.53402393,0.00000,102824.16609,2,4,0.68186*,0.19327E-01,0.12369,-1.11178,
10,1S-5P,949.74045794,0.00000,105291.92388,2,4,0.34375*,0.92919E-02,0.58074E-01,-1.42983,
11,1S-6P,937.80097063,0.00000,106632.43389,2,4,0.19728*,0.51995E-02,0.32088E-01,-1.68198,
12,1S-7P,930.74582032,0.00000,107440.71885,2,4,0.12362*,0.32092E-02,0.19656E-01,-1.89154,
13,2S-3p,6564.56933941,82259.19141,97492.48317,2,2,0.22449,0.14495,6.2619,-0.53774,
14,2S-4p,4862.64746171,82259.19141,102824.12045,2,2,0.96683E-01,0.34255E-01,1.0961,-1.16425,
15,2S-5p,4341.65167316,82259.19141,105291.90051,2,2,0.49484E-01,0.13977E-01,0.39932,-1.55357,
16,2S-6p,4102.86220969,82259.19141,106632.42037,2,2,0.28584E-01,0.72097E-02,0.19466,-1.84105,
17,2S-7p,3971.16632712,82259.19141,107440.71033,2,2,0.17972E-01,0.42467E-02,0.11098,-2.07092,
18,2S-2P,273940977.11562,82259.19141,82259.55646,2,4,0.88798E-14*,0.19970E-04,35.999,-4.09757,
19,2S-3P,6564.52272941,82259.19141,97492.59133,2,4,0.22448*,0.28989,12.523,0.06430,
20,2S-4P,4862.63667230,82259.19141,102824.16609,2,4,0.96680E-01*,0.68507E-01,2.1922,-0.56221,
21,2S-5P,4341.64726932,82259.19141,105291.92388,2,4,0.49483E-01*,0.27952E-01,0.79862,-0.95152,
22,2S-6P,4102.85993380,82259.19141,106632.43389,2,4,0.28583E-01*,0.14419E-01,0.38931,-1.23900,
23,2S-7P,3971.16498443,82259.19141,107440.71885,2,4,0.17972E-01*,0.84933E-02,0.22195,-1.46886,
24,2p-3S,6564.56933941,82259.19141,97492.48317,2,2,0.21046E-01,0.13589E-01,0.58705,-1.56577,
25,2p-4S,4862.64746171,82259.19141,102824.12045,2,2,0.85941E-02,0.30449E-02,0.97434E-01,-2.21540,
26,2p-5S,4341.65167316,82259.19141,105291.90051,2,2,0.42955E-02,0.12132E-02,0.34664E-01,-2.61502,
27,2p-6S,4102.86220969,82259.19141,106632.42037,2,2,0.24501E-02,0.61798E-03,0.16685E-01,-2.90800,
28,2p-7S,3971.16632712,82259.19141,107440.71033,2,2,0.15289E-02,0.36127E-03,0.94410E-02,-3.14114,
29,2p-3d,6564.52272941,82259.19141,97492.59133,2,4,0.53877*,0.69576,30.056,0.44452,
30,2p-4d,4862.63667230,82259.19141,102824.16609,2,4,0.17188*,0.12179,3.8973,-0.31231,
31,2p-5d,4341.64726932,82259.19141,105291.92388,2,4,0.78548E-01*,0.44371E-01,1.2677,-0.75085,
32,2p-6d,4102.85993380,82259.19141,106632.43389,2,4,0.42877E-01*,0.21629E-01,0.58398,-1.06289,
33,2p-7d,3971.16498443,82259.19141,107440.71885,2,4,0.26093E-01*,0.12332E-01,0.32226,-1.30692,
34,2P-3S,6564.72665287,82259.55646,97492.48317,4,2,0.42097E-01*,0.13592E-01,1.1743,-1.56570,
35,2P-4S,4862.73377870,82259.55646,102824.12045,4,2,0.17190E-01*,0.30453E-02,0.19490,-2.21534,
36,2P-5S,4341.72048447,82259.55646,105291.90051,4,2,0.85920E-02*,0.12134E-02,0.69338E-01,-2.61496,
37,2P-6S,4102.92365990,82259.55646,106632.42037,4,2,0.49006E-02*,0.61806E-03,0.33375E-01,-2.90794,
38,2P-7S,3971.22389569,82259.55646,107440.71033,4,2,0.30581E-02*,0.36132E-03,0.18885E-01,-3.14108,
39,2P-3d,6564.68004063,82259.55646,97492.59133,4,4,0.10775*,0.69578E-01,6.0115,-0.55547,
40,2P-4d,4862.72298891,82259.55646,102824.16609,4,4,0.34375E-01*,0.12179E-01,0.77947,-1.31232,
41,2P-5d,4341.71608049,82259.55646,105291.92388,4,4,0.15709E-01*,0.44370E-02,0.25354,-1.75086,
42,2P-6d,4102.92138394,82259.55646,106632.43389,4,4,0.85748E-02*,0.21629E-02,0.11680,-2.06291,
43,2P-7d,3971.22255296,82259.55646,107440.71885,4,4,0.52183E-02*,0.12331E-02,0.64450E-01,-2.30694,
44,2P-3D,6564.66450376,82259.55646,97492.62738,4,6,0.64651*,0.62620,54.103,0.57486,
45,2P-4D,4862.71939241,82259.55646,102824.18129,4,6,0.20625*,0.10961,7.0153,-0.18198,
46,2P-5D,4341.71461253,82259.55646,105291.93166,4,6,0.94254E-01*,0.39933E-01,2.2819,-0.62052,
47,2P-6D,4102.92062530,82259.55646,106632.43839,4,6,0.51450E-01*,0.19466E-01,1.0512,-0.93257,
48,2P-7D,3971.22210540,82259.55646,107440.72169,4,6,0.31311E-01*,0.11098E-01,0.58006,-1.17660,
49,3S-4p,18755.96456799,97492.48317,102824.12045,2,2,0.30652E-01,0.16157,19.942,-0.49061,
50,3S-5p,12821.47057842,97492.48317,105291.90051,2,2,0.16378E-01,0.40341E-01,3.4037,-1.09322,
51,3S-6p,10940.99421511,97492.48317,106632.42037,2,2,0.95511E-02,0.17131E-01,1.2334,-1.46518,
52,3S-7p,10052.04227385,97492.48317,107440.71033,2,2,0.60255E-02,0.91228E-02,0.60346,-1.73884,
53,3S-3P,924549772.08800,97492.48317,97492.59133,2,4,0.13859E-14*,0.35502E-04,216.00,-3.84769,
54,3S-4P,18755.80404838,97492.48317,102824.16609,2,4,0.30650E-01*,0.32312,39.881,0.11142,
55,3S-5P,12821.43217262,97492.48317,105291.92388,2,4,0.16377E-01*,0.80678E-01,6.8071,-0.49118,
56,3S-6P,10940.97803091,97492.48317,106632.43389,2,4,0.95508E-02*,0.34261E-01,2.4668,-0.86314,
57,3S-7P,10052.03367093,97492.48317,107440.71885,2,4,0.60254E-02*,0.18245E-01,1.2069,-1.13680,
58,3p-4S,18755.96456799,97492.48317,102824.12045,2,2,0.61182E-02,0.32250E-01,3.9805,-1.19044,
59,3p-5S,12821.47057842,97492.48317,105291.90051,2,2,0.30157E-02,0.74283E-02,0.62675,-1.82808,
60,3p-6S,10940.99421511,97492.48317,106632.42037,2,2,0.16906E-02,0.30323E-02,0.21832,-2.21719,
61,3p-7S,10052.04227385,97492.48317,107440.71033,2,2,0.10428E-02,0.15787E-02,0.10443,-2.50066,
62,3p-3d,924549772.08800,97492.48317,97492.59133,2,4,0.86620E-15*,0.22189E-04,135.00,-4.05181,
63,3p-4d,18755.80404838,97492.48317,102824.16609,2,4,0.58647E-01*,0.61825,76.308,0.39323,
64,3p-5d,12821.43217262,97492.48317,105291.92388,2,4,0.28263E-01*,0.13923,11.747,-0.25420,
65,3p-6d,10940.97803091,97492.48317,106632.43389,2,4,0.15649E-01*,0.56135E-01,4.0417,-0.64870,
66,3p-7d,10052.03367093,97492.48317,107440.71885,2,4,0.95800E-02*,0.29008E-01,1.9189,-0.93542,
67,3P-4S,18756.34507032,97492.59133,102824.12045,4,2,0.12238E-01*,0.32254E-01,7.9622,-1.19038,
68,3P-5S,12821.64838647,97492.59133,105291.90051,4,2,0.60320E-02*,0.74292E-02,1.2537,-1.82803,
69,3P-6S,10941.12369086,97492.59133,106632.42037,4,2,0.33815E-02*,0.30327E-02,0.43670,-2.21714,
70,3P-7S,10052.15156451,97492.59133,107440.71033,4,2,0.20857E-02*,0.15789E-02,0.20889,-2.50061,
71,3P-4d,18756.18454419,97492.59133,102824.16609,4,4,0.11729E-01*,0.61828E-01,15.263,-0.60675,
72,3P-5d,12821.60997960,97492.59133,105291.92388,4,4,0.56525E-02*,0.13923E-01,2.3496,-1.25420,
73,3P-6d,10941.10750628,97492.59133,106632.43389,4,4,0.31296E-02*,0.56136E-02,0.80835,-1.64870,
74,3P-7d,10052.14296140,97492.59133,107440.71885,4,4,0.19159E-02*,0.29008E-02,0.38378,-1.93542,
75,3P-3D,2773719066.2711,97492.59133,97492.62738,4,6,0.38495E-16*,0.66564E-05,243.00,-4.39861,
76,3P-4D,18756.13103732,97492.59133,102824.18129,4,6,0.70376E-01*,0.55645,137.36,0.52357,
77,3P-5D,12821.59717764,97492.59133,105291.93166,4,6,0.33915E-01*,0.12531,21.146,-0.12386,
78,3P-6D,10941.10211154,97492.59133,106632.43839,4,6,0.18778E-01*,0.50522E-01,7.2751,-0.51837,
79,3P-7D,10052.14009376,97492.59133,107440.72169,4,6,0.11496E-01*,0.26108E-01,3.4540,-0.80508,
80,3d-4p,18756.34507032,97492.59133,102824.12045,4,2,0.34759E-02*,0.91613E-02,2.2615,-1.73701,
81,3d-5p,12821.64838647,97492.59133,105291.90051,4,2,0.14956E-02*,0.18420E-02,0.31084,-2.43368,
82,3d-6p,10941.12369086,97492.59133,106632.42037,4,2,0.78253E-03*,0.70181E-03,0.10106,-2.85275,
83,3d-7p,10052.15156451,97492.59133,107440.71033,4,2,0.46369E-03*,0.35102E-03,0.46440E-01,-3.15364,
84,3d-4P,18756.18454419,97492.59133,102824.16609,4,4,0.34754E-03*,0.18320E-02,0.45223,-2.13503,
85,3d-5P,12821.60997960,97492.59133,105291.92388,4,4,0.14954E-03*,0.36835E-03,0.62158E-01,-2.83168,
86,3d-6P,10941.10750628,97492.59133,106632.43389,4,4,0.78242E-04*,0.14034E-03,0.20209E-01,-3.25076,
87,3d-7P,10052.14296140,97492.59133,107440.71885,4,4,0.46362E-04*,0.70194E-04,0.92866E-02,-3.55164,
88,3d-4f,18756.13103732,97492.59133,102824.18129,4,6,0.12869*,1.0175,251.18,0.78569,
89,3d-5f,12821.59717764,97492.59133,105291.93166,4,6,0.42394E-01*,0.15664,26.433,-0.02695,
90,3d-6f,10941.10211154,97492.59133,106632.43839,4,6,0.20030E-01*,0.53891E-01,7.7602,-0.49034,
91,3d-7f,10052.14009376,97492.59133,107440.72169,4,6,0.11266E-01*,0.25586E-01,3.3850,-0.81385,
92,3D-4P,18756.31137637,97492.62738,102824.16609,6,4,0.31280E-02*,0.10992E-01,4.0703,-1.35685,
93,3D-5P,12821.66924820,97492.62738,105291.92388,6,4,0.13459E-02*,0.22102E-02,0.55946,-2.05351,
94,3D-6P,10941.15066433,97492.62738,106632.43389,6,4,0.70421E-03*,0.84209E-03,0.18189,-2.47258,
95,3D-7P,10052.17939117,97492.62738,107440.71885,6,4,0.41727E-03*,0.42118E-03,0.83584E-01,-2.77347,
96,3D-4f,18756.25786878,97492.62738,102824.18129,6,6,0.91919E-02*,0.48453E-01,17.941,-0.53653,
97,3D-5f,12821.65644612,97492.62738,105291.93166,6,6,0.30281E-02*,0.74589E-02,1.8880,-1.34917,
98,3D-6f,10941.14526955,97492.62738,106632.43839,6,6,0.14307E-02*,0.25662E-02,0.55430,-1.81256,
99,3D-7f,10052.17652351,97492.62738,107440.72169,6,6,0.80469E-03*,0.12183E-02,0.24178,-2.13608,
100,3D-4F,18756.23111526,97492.62738,102824.18890,6,8,0.13788*,0.96906,358.83,0.88944,
101,3D-5F,12821.65004513,97492.62738,105291.93556,6,8,0.45421E-01*,0.14918,37.761,0.07680,
102,3D-6F,10941.14257217,97492.62738,106632.44065,6,8,0.21460E-01*,0.51324E-01,11.086,-0.38659,
103,3D-7F,10052.17508969,97492.62738,107440.72310,6,8,0.12070E-01*,0.24367E-01,4.8356,-0.71011,
104,4S-5p,40522.24979943,102824.12045,105291.90051,2,2,0.73721E-02,0.18138,48.368,-0.44037,
105,4S-6p,26258.43612596,102824.12045,106632.42037,2,2,0.44563E-02,0.46040E-01,7.9556,-1.03584,
106,4S-7p,21661.01010014,102824.12045,107440.71033,2,2,0.28281E-02,0.19883E-01,2.8341,-1.40050,
107,4S-4P,2191527817.0712,102824.12045,102824.16609,2,4,0.34687E-15*,0.49924E-04,719.99,-3.69963,
108,4S-5P,40521.86617572,102824.12045,105291.92388,2,4,0.73716E-02*,0.36274,96.728,0.16165,
109,4S-6P,26258.34290482,102824.12045,106632.43389,2,4,0.44561E-02*,0.92075E-01,15.910,-0.43380,
110,4S-7P,21660.97015223,102824.12045,107440.71885,2,4,0.28280E-02*,0.39763E-01,5.6680,-0.79846,
111,4p-5S,40522.24979943,102824.12045,105291.90051,2,2,0.21503E-02,0.52906E-01,14.108,-0.97546,
112,4p-6S,26258.43612596,102824.12045,106632.42037,2,2,0.11942E-02,0.12337E-01,2.1319,-1.60775,
113,4p-7S,21661.01010014,102824.12045,107440.71033,2,2,0.72461E-03,0.50943E-02,0.72616,-1.99189,
114,4p-4d,2191527817.0712,102824.12045,102824.16609,2,4,0.27750E-15*,0.39940E-04,576.00,-3.79654,
115,4p-5d,40521.86617572,102824.12045,105291.92388,2,4,0.12381E-01*,0.60925,162.46,0.38686,
116,4p-6d,26258.34290482,102824.12045,106632.43389,2,4,0.71849E-02*,0.14846,25.653,-0.22633,
117,4p-7d,21660.97015223,102824.12045,107440.71885,2,4,0.44482E-02*,0.62545E-01,8.9154,-0.60174,
118,4P-5S,40522.99908633,102824.16609,105291.90051,4,2,0.43010E-02*,0.52913E-01,28.220,-0.97541,
119,4P-6S,26258.75075292,102824.16609,106632.42037,4,2,0.23885E-02*,0.12339E-01,4.2642,-1.60770,
120,4P-7S,21661.22419918,102824.16609,107440.71033,4,2,0.14493E-02*,0.50948E-02,1.4525,-1.99184,
121,4P-5d,40522.61544844,102824.16609,105291.92388,4,4,0.24763E-02*,0.60929E-01,32.495,-0.61312,
122,4P-6d,26258.65752954,102824.16609,106632.43389,4,4,0.14370E-02*,0.14846E-01,5.1309,-1.22632,
123,4P-7d,21661.18425047,102824.16609,107440.71885,4,4,0.88965E-03*,0.62547E-02,1.7831,-1.60174,
124,4P-4D,6574734196.2897,102824.16609,102824.18129,4,6,0.12332E-16*,0.11982E-04,1036.8,-4.14333,
125,4P-5D,40522.48757351,102824.16609,105291.93166,4,6,0.14858E-01*,0.54835,292.45,0.51721,
126,4P-6D,26258.62645587,102824.16609,106632.43839,4,6,0.86219E-02*,0.13362,46.178,-0.09599,
127,4P-7D,21661.17093454,102824.16609,107440.72169,4,6,0.53379E-02*,0.56292E-01,16.048,-0.47140,
128,4d-5p,40522.99908633,102824.16609,105291.90051,4,2,0.18849E-02*,0.23188E-01,12.367,-1.33370,
129,4d-6p,26258.75075292,102824.16609,106632.42037,4,2,0.94181E-03*,0.48652E-02,1.6814,-2.01187,
130,4d-7p,21661.22419918,102824.16609,107440.71033,4,2,0.53915E-03*,0.18952E-02,0.54031,-2.42131,
131,4d-5P,40522.61544844,102824.16609,105291.92388,4,4,0.18846E-03*,0.46370E-02,2.4730,-1.73170,
132,4d-6P,26258.65752954,102824.16609,106632.43389,4,4,0.94169E-04*,0.97291E-03,0.33624,-2.40987,
133,4d-7P,21661.18425047,102824.16609,107440.71885,4,4,0.53908E-04*,0.37900E-03,0.10805,-2.81930,
134,4d-4f,6574734196.2897,102824.16609,102824.18129,4,6,0.71939E-17*,0.69893E-05,604.80,-4.37742,
135,4d-5f,40522.48757351,102824.16609,105291.93166,4,6,0.24121E-01*,0.89023,474.79,0.72766,
136,4d-6f,26258.62645587,102824.16609,106632.43839,4,6,0.12012E-01*,0.18615,64.334,0.04802,
137,4d-7f,21661.17093454,102824.16609,107440.72169,4,6,0.68506E-02*,0.72245E-01,20.596,-0.36304,
138,4D-5P,40522.86520644,102824.18129,105291.92388,6,4,0.16962E-02*,0.27823E-01,22.259,-0.95353,
139,4D-6P,26258.76240372,102824.18129,106632.43389,6,4,0.84755E-03*,0.58378E-02,3.0263,-1.63169,
140,4D-7P,21661.25561586,102824.18129,107440.71885,6,4,0.48519E-03*,0.22741E-02,0.97248,-2.04113,
141,4D-5f,40522.73732994,102824.18129,105291.93166,6,6,0.17229E-02*,0.42393E-01,33.914,-0.59456,
142,4D-6f,26258.73132980,102824.18129,106632.43839,6,6,0.85799E-03*,0.88644E-02,4.5953,-1.27420,
143,4D-7f,21661.24229984,102824.18129,107440.72169,6,6,0.48933E-03*,0.34402E-02,1.4712,-1.68526,
144,4D-4F,13149548627.740,102824.18129,102824.18890,6,8,0.96345E-18*,0.33282E-05,864.00,-4.57470,
145,4D-5F,40522.67339235,102824.18129,105291.93556,6,8,0.25844E-01*,0.84785,678.28,0.83141,
146,4D-6F,26258.71579295,102824.18129,106632.44065,6,8,0.12870E-01*,0.17729,91.906,0.15177,
147,4D-7F,21661.23564187,102824.18129,107440.72310,6,8,0.73399E-02*,0.68805E-01,29.423,-0.25929,
148,4f-5d,40522.86520644,102824.18129,105291.92388,6,4,0.50480E-03*,0.82803E-02,6.6243,-1.47989,
149,4f-6d,26258.76240372,102824.18129,106632.43389,6,4,0.21451E-03*,0.14775E-02,0.76593,-2.22841,
150,4f-7d,21661.25561586,102824.18129,107440.71885,6,4,0.11240E-03*,0.52682E-03,0.22529,-2.67628,
151,4f-5D,40522.73732994,102824.18129,105291.93166,6,6,0.24037E-04*,0.59142E-03,0.47313,-2.44996,
152,4f-6D,26258.73132980,102824.18129,106632.43839,6,6,0.10214E-04*,0.10553E-03,0.54706E-01,-3.19848,
153,4f-7D,21661.24229984,102824.18129,107440.72169,6,6,0.53521E-05*,0.37628E-04,0.16091E-01,-3.64634,
154,4f-5g,40522.67339235,102824.18129,105291.93556,6,8,0.41023E-01*,1.3458,1076.6,1.03207,
155,4f-6g,26258.71579295,102824.18129,106632.44065,6,8,0.13238E-01*,0.18235,94.532,0.16401,
156,4f-7g,21661.23564187,102824.18129,107440.72310,6,8,0.62278E-02*,0.58380E-01,24.965,-0.33065,
157,4F-5D,40522.86220855,102824.18890,105291.93166,8,6,0.48075E-03*,0.88715E-02,9.4630,-1.27385,
158,4F-6D,26258.78376676,102824.18890,106632.43839,8,6,0.20429E-03*,0.15830E-02,1.0942,-2.02237,
159,4F-7D,21661.27798245,102824.18890,107440.72169,8,6,0.10704E-03*,0.56443E-03,0.32183,-2.47024,
160,4F-5g,40522.79827056,102824.18890,105291.93556,8,8,0.15193E-02*,0.37383E-01,39.875,-0.52423,
161,4F-6g,26258.76822985,102824.18890,106632.44065,8,8,0.49028E-03*,0.50654E-02,3.5012,-1.39230,
162,4F-7g,21661.27132445,102824.18890,107440.72310,8,8,0.23066E-03*,0.16216E-02,0.92463,-1.88695,
163,4F-5G,40522.75990797,102824.18890,105291.93789,8,10,0.42542E-01*,1.3084,1395.6,1.11674,
164,4F-6G,26258.75890773,102824.18890,106632.44200,8,10,0.13728E-01*,0.17729,122.54,0.24868,
165,4F-7G,21661.26732967,102824.18890,107440.72396,8,10,0.64585E-02*,0.56758E-01,32.362,-0.24597,
166,5S-6p,74597.92537937,105291.90051,106632.42037,2,2,0.24296E-02,0.20259,99.451,-0.39236,
167,5S-7p,46537.38970399,105291.90051,107440.71033,2,2,0.15909E-02,0.51626E-01,15.810,-0.98610,
168,5S-5P,4280332896.3412,105291.90051,105291.92388,2,4,0.11639E-15*,0.63903E-04,1800.0,-3.59242,
169,5S-6P,74597.17301644,105291.90051,106632.43389,2,4,0.24295E-02*,0.40514,198.88,0.20967,
170,5S-7P,46537.20531293,105291.90051,107440.71885,2,4,0.15908E-02*,0.10325,31.619,-0.38407,
171,5p-6S,74597.92537937,105291.90051,106632.42037,2,2,0.89393E-03,0.74538E-01,36.591,-0.82659,
172,5p-7S,46537.38970399,105291.90051,107440.71033,2,2,0.53909E-03,0.17494E-01,5.3575,-1.45608,
173,5p-5d,4280332896.3412,105291.90051,105291.92388,2,4,0.10184E-15*,0.55915E-04,1575.0,-3.65041,
174,5p-6d,74597.17301644,105291.90051,106632.43389,2,4,0.37456E-02*,0.62463,306.63,0.39768,
175,5p-7d,46537.20531293,105291.90051,107440.71885,2,4,0.24186E-02*,0.15697,48.072,-0.20212,
176,5P-6S,74599.22549962,105291.92388,106632.42037,4,2,0.17880E-02*,0.74547E-01,73.192,-0.82654,
177,5P-7S,46537.89568150,105291.92388,107440.71033,4,2,0.10783E-02*,0.17496E-01,10.716,-1.45604,
178,5P-6d,74598.47311046,105291.92388,106632.43389,4,4,0.74915E-03*,0.62467E-01,61.331,-0.60229,
179,5P-7d,46537.71128643,105291.92388,107440.71885,4,4,0.48374E-03*,0.15698E-01,9.6149,-1.20210,
180,5P-5D,12841276016.960,105291.92388,105291.93166,4,6,0.45260E-17*,0.16774E-04,2835.0,-3.99720,
181,5P-6D,74598.22232264,105291.92388,106632.43839,4,6,0.44948E-02*,0.56219,551.96,0.52803,
182,5P-7D,46537.64982297,105291.92388,107440.72169,4,6,0.29024E-02*,0.14128,86.533,-0.07177,
183,5d-6p,74599.22549962,105291.92388,106632.42037,4,2,0.95946E-03*,0.40002E-01,39.275,-1.09688,
184,5d-7p,46537.89568150,105291.92388,107440.71033,4,2,0.53079E-03*,0.86125E-02,5.2752,-1.76384,
185,5d-6P,74598.47311046,105291.92388,106632.43389,4,4,0.95934E-04*,0.79993E-02,7.8538,-1.49489,
186,5d-7P,46537.71128643,105291.92388,107440.71885,4,4,0.53073E-04*,0.17223E-02,1.0549,-2.16183,
187,5d-5f,12841276016.960,105291.92388,105291.93166,4,6,0.34484E-17*,0.12780E-04,2160.0,-4.11530,
188,5d-6f,74598.22232264,105291.92388,106632.43839,4,6,0.67504E-02*,0.84430,828.94,0.70465,
189,5d-7f,46537.64982297,105291.92388,107440.72169,4,6,0.40424E-02*,0.19677,120.52,0.07212,
190,5D-6P,74598.90647585,105291.93166,106632.43389,6,4,0.86344E-03*,0.47998E-01,70.688,-0.71671,
191,5D-7P,46537.87994307,105291.93166,107440.71885,6,4,0.47768E-03*,0.10334E-01,9.4945,-1.38366,
192,5D-6f,74598.65568511,105291.93166,106632.43839,6,6,0.48217E-03*,0.40206E-01,59.212,-0.61756,
193,5D-7f,46537.81847916,105291.93166,107440.72169,6,6,0.28874E-03*,0.93702E-02,8.6088,-1.25010,
194,5D-5F,25682695924.140,105291.93166,105291.93556,6,8,0.46183E-18*,0.60859E-05,3085.7,-4.31259,
195,5D-6F,74598.53029104,105291.93166,106632.44065,6,8,0.72326E-02*,0.80410,1184.2,0.80840,
196,5D-7F,46537.78774742,105291.93166,107440.72310,6,8,0.43312E-02*,0.18740,172.18,0.17587,
197,5f-6d,74598.90647585,105291.93166,106632.43389,6,4,0.39082E-03*,0.21725E-01,31.996,-1.06097,
198,5f-7d,46537.87994307,105291.93166,107440.71885,6,4,0.19121E-03*,0.41367E-02,3.8006,-1.78128,
199,5f-6D,74598.65568511,105291.93166,106632.43839,6,6,0.18609E-04*,0.15517E-02,2.2853,-2.03103,
200,5f-7D,46537.81847916,105291.93166,107440.72169,6,6,0.91049E-05*,0.29547E-03,0.27146,-2.75134,
201,5f-5g,25682695924.140,105291.93166,105291.93556,6,8,0.25978E-18*,0.34233E-05,1735.7,-4.56246,
202,5f-6g,74598.53029104,105291.93166,106632.44065,6,8,0.10662E-01*,1.1854,1745.7,0.97695,
203,5f-7g,46537.78774742,105291.93166,107440.72310,6,8,0.52858E-02*,0.22871,210.13,0.26237,
204,5F-6D,74598.87236702,105291.93556,106632.43839,8,6,0.37220E-03*,0.23277E-01,45.707,-0.85493,
205,5F-7D,46537.90280724,105291.93556,107440.72169,8,6,0.18210E-03*,0.44321E-02,5.4293,-1.57524,
206,5F-6g,74598.74697222,105291.93556,106632.44065,8,8,0.39489E-03*,0.32928E-01,64.658,-0.57935,
207,5F-7g,46537.87207539,105291.93556,107440.72310,8,8,0.19577E-03*,0.63530E-02,7.7825,-1.29393,
208,5F-5G,42804598305.746,105291.93556,105291.93789,8,10,0.58190E-19*,0.19969E-05,2250.0,-4.69964,
209,5F-6G,74598.67173571,105291.93556,106632.44200,8,10,0.11057E-01*,1.1525,2263.0,1.06163,
210,5F-7G,46537.85363634,105291.93556,107440.72396,8,10,0.54816E-02*,0.22236,272.39,0.34705,
211,5g-6f,74598.87236702,105291.93556,106632.43839,8,6,0.11373E-03*,0.71126E-02,13.967,-1.36982,
212,5g-7f,46537.90280724,105291.93556,107440.72169,8,6,0.46512E-04*,0.11320E-02,1.3867,-2.16799,
213,5g-6F,74598.74697222,105291.93556,106632.44065,8,8,0.31591E-05*,0.26342E-03,0.51726,-2.67626,
214,5g-7F,46537.87207539,105291.93556,107440.72310,8,8,0.12920E-05*,0.41926E-04,0.51359E-01,-3.47443,
215,5g-6h,74598.67173571,105291.93556,106632.44200,8,10,0.16083E-01*,1.6763,3291.7,1.22436,
216,5g-7h,46537.85363634,105291.93556,107440.72396,8,10,0.49740E-02*,0.20177,247.17,0.30485,
217,5g-8h,37405.62715598,105291.93556,107965.33011,8,10,0.22863E-02*,0.59916E-01,58.994,-0.22246,
218,5G-6F,74598.87698121,105291.93789,106632.44065,10,8,0.11057E-03*,0.73760E-02,18.105,-1.22909,
219,5G-7F,46537.92267220,105291.93789,107440.72310,10,8,0.45219E-04*,0.11739E-02,1.7976,-2.02726,
220,5G-6h,74598.80174444,105291.93789,106632.44200,10,10,0.36552E-03*,0.30478E-01,74.811,-0.51601,
221,5G-7h,46537.90423311,105291.93789,107440.72396,10,10,0.11305E-03*,0.36685E-02,5.6174,-1.43551,
222,5G-8h,37405.65984364,105291.93789,107965.33011,10,10,0.51961E-04*,0.10894E-02,1.3408,-1.96283,
223,5G-6H,74598.75158674,105291.93789,106632.44290,10,12,0.16448E-01*,1.6458,4039.8,1.29557,
224,5G-7H,46537.89194040,105291.93789,107440.72452,10,12,0.50871E-02*,0.19810,303.34,0.37606,
225,5G-8H,37405.65452338,105291.93789,107965.33049,10,12,0.23383E-02*,0.58826E-01,72.401,-0.15125,
226,6S-7p,123717.97761276,106632.42037,107440.71033,2,2,0.97897E-03,0.22452,182.79,-0.34771,
227,6S-6P,7396422794.1685,106632.42037,106632.43389,2,4,0.47370E-16*,0.77660E-04,3780.0,-3.50774,
228,6S-7P,123716.67445022,106632.42037,107440.71885,2,4,0.97890E-03*,0.44900,365.55,0.25431,
229,6p-7S,123717.97761276,106632.42037,107440.71033,2,2,0.42171E-03,0.96717E-01,78.741,-0.71347,
230,6p-6d,7396422794.1685,106632.42037,106632.43389,2,4,0.43310E-16*,0.71004E-04,3456.0,-3.54666,
231,6p-7d,123716.67445022,106632.42037,107440.71885,2,4,0.14201E-02*,0.65135,530.29,0.41587,
232,6P-7S,123720.04704476,106632.43389,107440.71033,4,2,0.84350E-03*,0.96729E-01,157.50,-0.71342,
233,6P-7d,123718.74383862,106632.43389,107440.71885,4,4,0.28402E-03*,0.65140E-01,106.07,-0.58409,
234,6P-6D,22189727912.616,106632.43389,106632.43839,4,6,0.19248E-17*,0.21301E-04,6220.8,-3.89346,
235,6P-7D,123718.30945140,106632.43389,107440.72169,4,6,0.17041E-02*,0.58624,954.58,0.54623,
236,6d-7p,123720.04704476,106632.43389,107440.71033,4,2,0.51050E-03*,0.58542E-01,95.325,-0.93150,
237,6d-7P,123718.74383862,106632.43389,107440.71885,4,4,0.51044E-04*,0.11707E-01,19.062,-1.32950,
238,6d-6f,22189727912.616,106632.43389,106632.43839,4,6,0.16240E-17*,0.17972E-04,5248.8,-3.96724,
239,6d-7f,123718.30945140,106632.43389,107440.72169,4,6,0.24212E-02*,0.83292,1356.2,0.69876,
240,6D-7P,123719.43363586,106632.43839,107440.71885,6,4,0.45941E-03*,0.70244E-01,171.57,-0.55133,
241,6D-7f,123718.99924379,106632.43839,107440.72169,6,6,0.17294E-03*,0.39664E-01,96.877,-0.62345,
242,6D-6F,44379689692.018,106632.43839,106632.44065,6,8,0.21750E-18*,0.85583E-05,7498.3,-4.16452,
243,6D-7F,123718.78204999,106632.43839,107440.72310,6,8,0.25941E-02*,0.79327,1937.5,0.80251,
244,6f-7d,123719.43363586,106632.43839,107440.71885,6,4,0.25240E-03*,0.38591E-01,94.258,-0.81145,
245,6f-7D,123718.99924379,106632.43839,107440.72169,6,6,0.12018E-04*,0.27564E-02,6.7323,-1.78151,
246,6f-6g,44379689692.018,106632.43839,106632.44065,6,8,0.16111E-18*,0.63395E-05,5554.3,-4.29486,
247,6f-7g,123718.78204999,106632.43839,107440.72310,6,8,0.36292E-02*,1.1098,2710.6,0.94833,
248,6F-7D,123719.34414105,106632.44065,107440.72169,8,6,0.24037E-03*,0.41347E-01,134.65,-0.60541,
249,6F-7g,123719.12694604,106632.44065,107440.72310,8,8,0.13442E-03*,0.30828E-01,100.39,-0.60797,
250,6F-6G,73966317977.476,106632.44065,106632.44200,8,10,0.36089E-19*,0.36980E-05,7200.0,-4.43203,
251,6F-7G,123718.99662968,106632.44065,107440.72396,8,10,0.37636E-02*,1.0790,3513.8,1.03301,
252,6g-7f,123719.34414105,106632.44065,107440.72169,8,6,0.11103E-03*,0.19098E-01,62.194,-0.94087,
253,6g-7F,123719.12694604,106632.44065,107440.72310,8,8,0.30840E-05*,0.70730E-03,2.3034,-2.24730,
254,6g-6h,73966317977.476,106632.44065,106632.44200,8,10,0.19849E-19*,0.20339E-05,3960.0,-4.69167,
255,6g-7h,123718.99662968,106632.44065,107440.72396,8,10,0.52045E-02*,1.4920,4859.0,1.17378,
256,6g-8h,75024.97583780,106632.44065,107965.33011,8,10,0.25206E-02*,0.26573,524.79,0.42445,
257,6G-7F,123719.33388412,106632.44200,107440.72310,10,8,0.10794E-03*,0.19805E-01,80.621,-0.80014,
258,6G-7h,123719.20356733,106632.44200,107440.72396,10,10,0.11828E-03*,0.27128E-01,110.43,-0.56658,
259,6G-8h,75025.05193667,106632.44200,107965.33011,10,10,0.57286E-04*,0.48315E-02,11.927,-1.31592,
260,6G-6H,110949614398.66,106632.44200,106632.44290,10,12,0.60147E-20*,0.13313E-05,4860.0,-4.79655,
261,6G-7H,123719.11668972,106632.44200,107440.72452,10,12,0.53228E-02*,1.4649,5963.3,1.24499,
262,6G-8H,75025.03053386,106632.44200,107965.33049,10,12,0.25779E-02*,0.26090,644.06,0.49566,
263,6h-7g,123719.33388412,106632.44200,107440.72310,10,8,0.33542E-04*,0.61542E-02,25.052,-1.30774,
264,6h-7G,123719.20356733,106632.44200,107440.72396,10,10,0.60984E-06*,0.13987E-03,0.56936,-2.85429,
265,6h-7i,123719.11668972,106632.44200,107440.72452,10,12,0.72955E-02*,2.0079,8173.5,1.38192,
266,6h-8i,75025.03053386,106632.44200,107965.33049,10,12,0.21427E-02*,0.21685,535.32,0.41535,
267,6h-9i,59082.21708302,106632.44200,108324.99866,10,12,0.95266E-03*,0.59794E-01,116.24,-0.14416,
268,6H-7G,123719.34152597,106632.44290,107440.72396,12,10,0.32932E-04*,0.62940E-02,30.746,-1.20107,
269,6H-7i,123719.25464817,106632.44290,107440.72452,12,12,0.11224E-03*,0.25742E-01,125.75,-0.51018,
270,6H-8i,75025.08126643,106632.44290,107965.33049,12,12,0.32964E-04*,0.27802E-02,8.2357,-1.47675,
271,6H-9i,59082.24854514,106632.44290,108324.99866,12,12,0.14656E-04*,0.76658E-03,1.7883,-2.03626,
272,6H-7I,123719.19259272,106632.44290,107440.72493,12,14,0.74078E-02*,1.9821,9682.5,1.44326,
273,6H-8I,75025.06597872,106632.44290,107965.33077,12,14,0.21756E-02*,0.21407,634.15,0.47669,
274,6H-9I,59082.24188649,106632.44290,108324.99885,12,14,0.96732E-03*,0.59027E-01,137.70,-0.08282,
275,7S-7P,11745255295.068,107440.71033,107440.71885,2,4,0.22082E-16*,0.91290E-04,7055.9,-3.43752,
276,7p-7d,11745255295.068,107440.71033,107440.71885,2,4,0.20702E-16*,0.85585E-04,6615.0,-3.46554,
277,7P-7D,35236473259.968,107440.71885,107440.72169,4,6,0.92005E-18*,0.25675E-04,11907.,-3.81234,
278,7d-7f,35236473259.968,107440.71885,107440.72169,4,6,0.81782E-18*,0.22822E-04,10584.,-3.86349,
279,7D-7F,70473301148.521,107440.72169,107440.72310,6,8,0.10953E-18*,0.10868E-04,15120.,-4.06077,
280,7f-7g,70473301148.521,107440.72169,107440.72310,6,8,0.90361E-19*,0.89658E-05,12474.,-4.14432,
281,7F-7G,117455754577.20,107440.72310,107440.72396,8,10,0.20241E-19*,0.52301E-05,16170.,-4.28149,
282,7g-7h,117455754577.20,107440.72310,107440.72396,8,10,0.14721E-19*,0.38037E-05,11760.,-4.41980,
283,7g-8h,190618.87924011,107440.72310,107965.33011,8,10,0.20454E-02*,1.3920,6984.4,1.14364,
284,7G-8h,190619.18859589,107440.72396,107965.33011,10,10,0.46486E-04*,0.25309E-01,158.74,-0.59672,
285,7G-7H,176183836128.22,107440.72396,107440.72452,10,12,0.44608E-20*,0.24897E-05,14433.,-4.52468,
286,7G-8H,190619.05043310,107440.72396,107965.33049,10,12,0.20919E-02*,1.3667,8571.8,1.21485,
287,7h-7i,176183836128.22,107440.72396,107440.72452,10,12,0.24162E-20*,0.13486E-05,7817.7,-4.79094,
288,7h-8i,190619.05043310,107440.72396,107965.33049,10,12,0.27636E-02*,1.8055,11324.,1.33579,
289,7h-9i,113087.03019869,107440.72396,108324.99866,10,12,0.12946E-02*,0.29769,1107.7,0.55295,
290,7H-8i,190619.25667031,107440.72452,107965.33049,12,12,0.42517E-04*,0.23148E-01,174.22,-0.55631,
291,7H-9i,113087.10278585,107440.72452,108324.99866,12,12,0.19917E-04*,0.38165E-02,17.041,-1.33915,
292,7H-7I,246657546658.13,107440.72452,107440.72493,12,14,0.89410E-21*,0.95092E-06,9261.0,-4.87573,
293,7H-8I,190619.15798258,107440.72452,107965.33077,12,14,0.28061E-02*,1.7824,13415.,1.39713,
294,7H-9I,113087.07839099,107440.72452,108324.99885,12,14,0.13145E-02*,0.29387,1312.2,0.61429,
295,7i-8h,190619.39483339,107440.72452,107965.33011,12,10,0.11900E-04*,0.53990E-02,40.635,-1.26768,
296,7i-8H,190619.25667031,107440.72452,107965.33049,12,12,0.15256E-06*,0.83061E-04,0.62515,-3.00142,
297,7i-8k,190619.15798258,107440.72452,107965.33077,12,14,0.36839E-02*,2.3400,17611.,1.51534,
298,7i-9k,113087.07839099,107440.72452,108324.99885,12,14,0.10238E-02*,0.22888,1022.0,0.50574,
299,7i-10k,87600.74432538,107440.72452,108582.26734,12,14,0.43802E-03*,0.58759E-01,203.24,-0.08480,
300,7I-8H,190619.40398276,107440.72493,107965.33049,14,12,0.11747E-04*,0.54821E-02,48.137,-1.18187,
301,7I-8k,190619.30529489,107440.72493,107965.33077,14,14,0.40932E-04*,0.22285E-01,195.68,-0.50585,
302,7I-9k,113087.13023896,107440.72493,108324.99885,14,14,0.11376E-04*,0.21798E-02,11.355,-1.51545,
303,7I-10k,87600.77543691,107440.72493,108582.26734,14,14,0.48668E-05*,0.55961E-03,2.2582,-2.10599,
304,7I-8K,190619.23127908,107440.72493,107965.33097,14,16,0.37248E-02*,2.3177,20351.,1.56917,
305,7I-9K,113087.11194281,107440.72493,108324.99899,14,16,0.10352E-02*,0.22670,1181.0,0.55958,
306,7I-10K,87600.76743347,107440.72493,108582.26744,14,16,0.44288E-03*,0.58199E-01,234.85,-0.03096,
307,8h-8i,262991583564.64,107965.33011,107965.33049,10,12,0.20437E-20*,0.25415E-05,21993.,-4.51572,
308,8h-9i,278033.76537977,107965.33011,108324.99866,10,12,0.12123E-02*,1.6850,15415.,1.30579,
309,8H-9i,278034.05931639,107965.33049,108324.99866,12,12,0.18651E-04*,0.21603E-01,237.16,-0.58630,
310,8H-8I,368188465111.35,107965.33049,107965.33077,12,14,0.75624E-21*,0.17921E-05,26053.,-4.60051,
311,8H-9I,278033.91185848,107965.33049,108324.99885,12,14,0.12310E-02*,1.6634,18261.,1.36714,
312,8i-8k,368188465111.35,107965.33049,107965.33077,12,14,0.40513E-21*,0.96006E-06,13957.,-4.87157,
313,8i-9k,278033.91185848,107965.33049,108324.99885,12,14,0.15714E-02*,2.1235,23311.,1.47318,
314,8i-10k,162091.14640639,107965.33049,108582.26734,12,14,0.70831E-03*,0.32532,2082.0,0.65844,
315,8I-9k,278034.12181323,107965.33077,108324.99885,14,14,0.17460E-04*,0.20224E-01,259.02,-0.54801,
316,8I-10k,162091.21776537,107965.33077,108582.26734,14,14,0.78701E-05*,0.30983E-02,23.134,-1.36275,
317,8I-8K,490918174492.45,107965.33077,107965.33097,14,16,0.17281E-21*,0.71319E-06,16128.,-4.94268,
318,8I-9K,278034.01121978,107965.33077,108324.99899,14,16,0.15889E-02*,2.1033,26938.,1.52702,
319,8I-10K,162091.19036352,107965.33077,108582.26744,14,16,0.71618E-03*,0.32222,2405.9,0.71227,
320,8k-9i,278034.26927136,107965.33077,108324.99866,14,12,0.48340E-05*,0.47993E-02,61.467,-1.23965,
321,8k-9I,278034.12181323,107965.33077,108324.99885,14,14,0.46037E-07*,0.53325E-04,0.68296,-3.12694,
322,8k-9l,278034.01121978,107965.33077,108324.99899,14,16,0.20188E-02*,2.6724,34227.,1.63102,
323,8k-10l,162091.19036352,107965.33077,108582.26744,14,16,0.53050E-03*,0.23868,1782.2,0.58194,
324,8k-11l,123871.80004139,107965.33077,108772.61701,14,16,0.21783E-03*,0.57237E-01,326.60,-0.03820,
325,8K-9I,278034.27927942,107965.33097,108324.99885,16,14,0.47879E-05*,0.48526E-02,71.028,-1.16790,
326,8K-9l,278034.16868585,107965.33097,108324.99899,16,16,0.16965E-04*,0.19650E-01,287.62,-0.50252,
327,8K-10l,162091.24388275,107965.33097,108582.26744,16,16,0.44580E-05*,0.17550E-02,14.976,-1.55160,
328,8K-11l,123871.83129757,107965.33097,108772.61701,16,16,0.18305E-05*,0.42086E-03,2.7445,-2.17174,
329,8K-9L,278034.08266871,107965.33097,108324.99910,16,18,0.20358E-02*,2.6527,38829.,1.67897,
330,8K-10L,162091.22257020,107965.33097,108582.26752,16,18,0.53496E-03*,0.23693,2021.8,0.62989,
331,8K-11L,123871.82194602,107965.33097,108772.61707,16,18,0.21966E-03*,0.56816E-01,370.51,0.00974,
332,9i-9k,524237044611.41,108324.99866,108324.99885,12,14,0.37895E-21*,0.18206E-05,37684.,-4.59367,
333,9i-10k,388698.69907098,108324.99866,108582.26734,12,14,0.75184E-03*,1.9857,30475.,1.44405,
334,9I-10k,388698.98727418,108324.99885,108582.26734,14,14,0.83537E-05*,0.18912E-01,338.62,-0.57714,
335,9I-9K,698983024075.12,108324.99885,108324.99899,14,16,0.16165E-21*,0.13524E-05,43546.,-4.66477,
336,9I-10K,388698.82969908,108324.99885,108582.26744,14,16,0.76019E-03*,1.9668,35216.,1.49788,
337,9k-9l,698983024075.12,108324.99885,108324.99899,14,16,0.85874E-22*,0.71847E-06,23134.,-4.93947,
338,9k-10l,388698.82969908,108324.99885,108582.26744,14,16,0.94484E-03*,2.4445,43770.,1.59232,
339,9k-11l,223404.69932013,108324.99885,108772.61701,14,16,0.40874E-03*,0.34933,3595.0,0.74736,
340,9K-10l,388699.04585149,108324.99899,108582.26744,16,16,0.79398E-05*,0.17975E-01,367.82,-0.54122,
341,9K-11l,223404.77072340,108324.99899,108772.61701,16,16,0.34348E-05*,0.25686E-02,30.210,-1.38618,
342,9K-9L,898692729289.80,108324.99899,108324.99910,16,18,0.40744E-22*,0.55470E-06,26244.,-5.00067,
343,9K-10L,388698.92329307,108324.99899,108582.26752,16,18,0.95278E-03*,2.4266,49655.,1.64027,
344,9K-11L,223404.74030593,108324.99899,108772.61707,16,18,0.41217E-03*,0.34677,4078.4,0.79531,
345,9l-10k,388699.20342676,108324.99899,108582.26734,16,14,0.21783E-05*,0.43149E-02,88.297,-1.21890,
346,9l-10K,388699.04585149,108324.99899,108582.26744,16,16,0.16017E-07*,0.36260E-04,0.74199,-3.23646,
347,9l-10m,388698.92329307,108324.99899,108582.26752,16,18,0.11799E-02*,3.0050,61493.,1.73312,
348,9l-11m,223404.74030593,108324.99899,108772.61707,16,18,0.29337E-03*,0.24682,2902.8,0.64764,
349,9l-12m,168806.42188798,108324.99899,108917.39352,16,18,0.11549E-03*,0.55474E-01,492.99,-0.00064,
350,9L-10K,388699.21397015,108324.99910,108582.26744,18,16,0.21623E-05*,0.43512E-02,100.17,-1.15727,
351,9L-10m,388699.09141162,108324.99910,108582.26752,18,18,0.77626E-05*,0.17573E-01,404.56,-0.49987,
352,9L-11m,223404.79584181,108324.99910,108772.61707,18,18,0.19301E-05*,0.14434E-02,19.098,-1.58535,
353,9L-12m,168806.45359583,108324.99910,108917.39352,18,18,0.75979E-06*,0.32441E-03,3.2433,-2.23364,
354,9L-10M,388698.99336488,108324.99910,108582.26759,18,20,0.11877E-02*,2.9875,68775.,1.77633,
355,9L-11M,223404.77150783,108324.99910,108772.61712,18,20,0.29530E-03*,0.24537,3246.6,0.69085,
356,9L-12M,168806.44289443,108324.99910,108917.39355,18,20,0.11625E-03*,0.55149E-01,551.37,0.04257,
357,10k-10l,958824383185.56,108582.26734,108582.26744,14,16,0.86979E-22*,0.13693E-05,60480.,-4.65937,
358,10k-11l,525348.94855029,108582.26734,108772.61701,14,16,0.48496E-03*,2.2920,55466.,1.56433,
359,10K-11l,525349.23639411,108582.26744,108772.61701,16,16,0.40753E-05*,0.16853E-01,466.10,-0.56921,
360,10K-10L,1232774562922.2,108582.26744,108582.26752,16,18,0.41268E-22*,0.10572E-05,68612.,-4.72057,
361,10K-11L,525349.06819086,108582.26744,108772.61707,16,18,0.48903E-03*,2.2751,62924.,1.61228,
362,10l-10m,1232774562922.2,108582.26744,108582.26752,16,18,0.21780E-22*,0.55796E-06,36212.,-4.99812,
363,10l-11m,525349.06819086,108582.26744,108772.61707,16,18,0.59494E-03*,2.7678,76550.,1.69741,
364,10l-12m,298395.16186933,108582.26744,108917.39352,16,18,0.24674E-03*,0.37034,5817.7,0.82387,
365,10L-11m,525349.29206939,108582.26752,108772.61707,18,18,0.39140E-05*,0.16186E-01,503.62,-0.53558,
366,10L-12m,298395.23409640,108582.26752,108917.39352,18,18,0.16233E-05*,0.21657E-02,38.274,-1.40912,
367,10L-10M,1540968525326.4,108582.26752,108582.26759,18,20,0.11225E-22*,0.44376E-06,40500.,-5.05182,
368,10L-11M,525349.15750679,108582.26752,108772.61712,18,20,0.59885E-03*,2.7516,85615.,1.74062,
369,10L-12M,298395.20065794,108582.26752,108917.39355,18,20,0.24836E-03*,0.36817,6506.6,0.86708,
370,10m-11l,525349.46027278,108582.26752,108772.61701,18,16,0.10656E-05*,0.39171E-02,121.88,-1.20292,
371,10m-11L,525349.29206939,108582.26752,108772.61707,18,18,0.62316E-08*,0.25770E-04,0.80182,-3.33361,
372,10m-11n,525349.15750679,108582.26752,108772.61712,18,20,0.72642E-03*,3.3378,0.10385E+06,1.82449,
373,10m-12n,298395.20065794,108582.26752,108917.39355,18,20,0.17112E-03*,0.25367,4483.0,0.70530,
374,10m-13n,223315.89991496,108582.26752,109030.06367,18,20,0.64573E-04*,0.53613E-01,709.09,0.03030,
375,10M-11L,525349.47117232,108582.26759,108772.61707,20,18,0.10594E-05*,0.39428E-02,136.31,-1.14892,
376,10M-11n,525349.33660962,108582.26759,108772.61712,20,20,0.38435E-05*,0.15894E-01,549.49,-0.49772,
377,10M-12n,298395.25843959,108582.26759,108917.39355,20,20,0.90541E-06*,0.12079E-02,23.720,-1.61692,
378,10M-13n,223315.93227772,108582.26759,109030.06367,20,20,0.34165E-06*,0.25530E-03,3.7518,-2.29192,
379,10M-11N,525349.22651294,108582.26759,108772.61716,20,22,0.73027E-03*,3.3219,0.11484E+06,1.86381,
380,10M-12N,298395.23108085,108582.26759,108917.39359,20,22,0.17203E-03*,0.25246,4957.4,0.74462,
381,10M-13N,223315.92022554,108582.26759,109030.06369,20,22,0.64915E-04*,0.53357E-01,784.12,0.06962,
382,11l-11m,1640822855491.7,108772.61701,108772.61707,16,18,0.23530E-22*,0.10679E-05,92245.,-4.71621,
383,11l-12m,690719.78883829,108772.61701,108917.39352,16,18,0.32361E-03*,2.6025,94636.,1.67067,
384,11L-12m,690720.07960340,108772.61707,108917.39352,18,18,0.21290E-05*,0.15219E-01,622.61,-0.56233,
385,11L-11M,2051028980755.6,108772.61707,108772.61712,18,20,0.12127E-22*,0.84930E-06,0.10317E+06,-4.76991,
386,11L-12M,690719.90043286,108772.61707,108917.39355,18,20,0.32574E-03*,2.5873,0.10584E+06,1.71388,
387,11m-11n,2051028980755.6,108772.61707,108772.61712,18,20,0.63665E-23*,0.44588E-06,54163.,-5.04975,
388,11m-12n,690719.90043286,108772.61707,108917.39355,18,20,0.38937E-03*,3.0928,0.12652E+06,1.79138,
389,11m-13n,388430.06427638,108772.61707,109030.06367,18,20,0.15480E-03*,0.38883,8945.1,0.89079,
390,11M-12n,690720.13304495,108772.61712,108917.39355,20,20,0.20602E-05*,0.14728E-01,669.43,-0.53084,
391,11M-13n,388430.13783845,108772.61712,109030.06367,20,20,0.81902E-06*,0.18516E-02,47.329,-1.43143,
392,11M-11N,2506813592168.0,108772.61712,108772.61716,20,22,0.35054E-23*,0.36308E-06,59895.,-5.09758,
393,11M-12N,690719.98645087,108772.61712,108917.39359,20,22,0.39143E-03*,3.0781,0.13991E+06,1.83070,
394,11M-13N,388430.10137550,108772.61712,109030.06369,20,22,0.15561E-03*,0.38698,9891.7,0.93011,
395,11n-12m,690720.31221561,108772.61712,108917.39352,20,18,0.55723E-06*,0.35851E-02,162.96,-1.19023,
396,11n-12M,690720.13304495,108772.61712,108917.39355,20,20,0.26535E-08*,0.18969E-04,0.86220,-3.42093,
397,11n-12o,690719.98645087,108772.61712,108917.39359,20,22,0.46680E-03*,3.6707,0.16685E+06,1.90718,
398,11n-13o,388430.10137550,108772.61712,109030.06369,20,22,0.10436E-03*,0.25952,6633.7,0.75660,
399,11n-14o,288311.67561670,108772.61712,109119.46398,20,22,0.37763E-04*,0.51737E-01,981.60,0.05623,
400,11N-12M,690720.32336403,108772.61716,108917.39355,22,20,0.55457E-06*,0.36041E-02,180.20,-1.14218,
401,11N-12o,690720.17676986,108772.61716,108917.39359,22,22,0.20296E-05*,0.14509E-01,725.43,-0.49595,
402,11N-13o,388430.16156265,108772.61716,109030.06369,22,22,0.45374E-06*,0.10258E-02,28.842,-1.64652,
403,11N-14o,288311.70877578,108772.61716,109119.46398,22,22,0.16419E-06*,0.20450E-03,4.2678,-2.34689,
404,11N-12O,690720.05460812,108772.61716,108917.39361,22,24,0.46883E-03*,3.6562,0.18281E+06,1.94324,
405,11N-13O,388430.13117686,108772.61716,109030.06371,22,24,0.10481E-03*,0.25850,7268.3,0.79267,
406,11N-14O,288311.69537237,108772.61716,109119.46400,22,24,0.37927E-04*,0.51533E-01,1075.5,0.09230,
407,12m-12n,2662793342456.8,108917.39352,108917.39355,18,20,0.72546E-23*,0.85638E-06,0.13506E+06,-4.76630,
408,12m-13n,887546.49943397,108917.39352,109030.06367,18,20,0.22237E-03*,2.9164,0.15330E+06,1.76587,
409,12M-13n,887546.79526581,108917.39355,109030.06367,20,20,0.11766E-05*,0.13888E-01,811.12,-0.55634,
410,12M-12N,3254525679074.0,108917.39355,108917.39359,20,22,0.39944E-23*,0.69734E-06,0.14935E+06,-4.81413,
411,12M-13N,887546.60489146,108917.39355,109030.06369,20,22,0.22355E-03*,2.9025,0.16952E+06,1.80519,
412,12n-12o,3254525679074.0,108917.39355,108917.39359,20,22,0.20880E-23*,0.36452E-06,78069.,-5.09586,
413,12n-13o,887546.60489146,108917.39355,109030.06369,20,22,0.26333E-03*,3.4190,0.19969E+06,1.87633,
414,12n-14o,494876.97205242,108917.39355,109119.46398,20,22,0.10039E-03*,0.40522,13196.,0.95011,
415,12N-13o,887546.84693570,108917.39359,109030.06369,22,22,0.11449E-05*,0.13514E-01,868.23,-0.52679,
416,12N-14o,494877.04730248,108917.39359,109119.46398,22,22,0.43647E-06*,0.16017E-02,57.376,-1.45301,
417,12N-12O,3905431259850.5,108917.39359,108917.39361,22,24,0.12136E-23*,0.30256E-06,85536.,-5.13897,
418,12N-13O,887546.68829041,108917.39359,109030.06371,22,24,0.26448E-03*,3.4055,0.21879E+06,1.91239,
419,12N-14O,494877.00781266,108917.39359,109119.46400,22,24,0.10082E-03*,0.40362,14459.,0.98618,
420,12o-13n,887547.03731015,108917.39359,109030.06367,22,20,0.30793E-06*,0.33042E-02,212.29,-1.17990,
421,12o-13N,887546.84693570,108917.39359,109030.06369,22,22,0.12171E-08*,0.14366E-04,0.92298,-3.50024,
422,12o-13q,887546.68829041,108917.39359,109030.06371,22,24,0.31094E-03*,4.0037,0.25723E+06,1.98267,
423,12o-14q,494877.00781266,108917.39359,109119.46400,22,24,0.66092E-04*,0.26458,9477.9,0.80276,
424,12o-15q,364705.28584536,108917.39359,109191.58758,22,24,0.22949E-04*,0.49896E-01,1317.3,0.07828,
425,12O-13N,887547.04863931,108917.39361,109030.06369,24,22,0.30672E-06*,0.33186E-02,232.59,-1.13663,
426,12O-13q,887546.88999395,108917.39361,109030.06371,24,24,0.11307E-05*,0.13346E-01,935.37,-0.49445,
427,12O-14q,494877.07052104,108917.39361,109119.46400,24,24,0.24033E-06*,0.88193E-03,34.465,-1.67436,
428,12O-15q,364705.31990304,108917.39361,109191.58758,24,24,0.83452E-07*,0.16632E-03,4.7900,-2.39885,
429,12O-13Q,887546.75575562,108917.39361,109030.06373,24,26,0.31207E-03*,3.9904,0.27968E+06,2.01599,
430,12O-14Q,494877.03710657,108917.39361,109119.46401,24,26,0.66332E-04*,0.26370,10305.,0.83608,
431,12O-15Q,364705.30514821,108917.39361,109191.58759,24,26,0.23033E-04*,0.49730E-01,1432.2,0.11159,
432,13n-13o,4137842985718.6,109030.06367,109030.06369,20,22,0.24883E-23*,0.70222E-06,0.19121E+06,-4.81111,
433,13n-14o,1118564.3628064,109030.06367,109119.46398,20,22,0.15677E-03*,3.2329,0.23797E+06,1.85201,
434,13N-14o,1118564.6651829,109030.06369,109119.46398,22,22,0.68159E-06*,0.12778E-01,1034.6,-0.55111,
435,13N-13O,4965412141864.5,109030.06369,109030.06371,22,24,0.14463E-23*,0.58287E-06,0.20950E+06,-4.85422,
436,13N-14O,1118564.4634333,109030.06369,109119.46400,22,24,0.15745E-03*,3.2201,0.26073E+06,1.88808,
437,13o-13q,4965412141864.5,109030.06369,109030.06371,22,24,0.75326E-24*,0.30358E-06,0.10912E+06,-5.13752,
438,13o-14q,1118564.4634333,109030.06369,109119.46400,22,24,0.18318E-03*,3.7463,0.30334E+06,1.95381,
439,13o-15q,619103.47340750,109030.06369,109191.58758,22,24,0.67009E-04*,0.41982,18815.,1.00328,
440,13O-14q,1118564.7154137,109030.06371,109119.46400,24,24,0.66609E-06*,0.12488E-01,1103.0,-0.52331,
441,13O-15q,619103.55059931,109030.06371,109191.58758,24,24,0.24367E-06*,0.13994E-02,68.416,-1.47384,
442,13O-13Q,5868214881179.3,109030.06371,109030.06373,24,26,0.45801E-24*,0.25602E-06,0.11864E+06,-5.17676,
443,13O-14Q,1118564.5447025,109030.06371,109119.46401,24,26,0.18384E-03*,3.7338,0.32981E+06,1.98712,
444,13O-15Q,619103.50808091,109030.06371,109191.58759,24,26,0.67252E-04*,0.41843,20457.,1.03659,
445,13q-14o,1118564.9171634,109030.06371,109119.46398,24,22,0.17827E-06*,0.30637E-02,270.61,-1.17134,
446,13q-14O,1118564.7154137,109030.06371,109119.46400,24,24,0.59424E-09*,0.11141E-04,0.98405,-3.57288,
447,13q-14r,1118564.5447025,109030.06371,109119.46401,24,26,0.21353E-03*,4.3367,0.38307E+06,2.05214,
448,13q-15r,619103.50808091,109030.06371,109191.58759,24,26,0.43234E-04*,0.26899,13151.,0.84471,
449,13q-16r,453408.32993059,109030.06371,109250.61546,24,26,0.14419E-04*,0.48115E-01,1722.8,0.09726,
450,13Q-14O,1118564.9286280,109030.06373,109119.46400,26,24,0.17768E-06*,0.30748E-02,294.23,-1.13197,
451,13Q-14r,1118564.7579167,109030.06373,109119.46401,26,26,0.65904E-06*,0.12355E-01,1182.3,-0.49317,
452,13Q-15r,619103.57339706,109030.06373,109191.58759,26,26,0.13344E-06*,0.76635E-03,40.588,-1.70060,
453,13Q-16r,453408.36496324,109030.06373,109250.61546,26,26,0.44502E-07*,0.13708E-03,5.3171,-2.44805,
454,13Q-14R,1118564.6115928,109030.06373,109119.46402,26,28,0.21419E-03*,4.3244,0.41381E+06,2.08308,
455,13Q-15R,619103.53695272,109030.06373,109191.58760,26,28,0.43367E-04*,0.26822,14206.,0.87565,
456,13Q-16R,453408.34885692,109030.06373,109250.61547,26,28,0.14463E-04*,0.47978E-01,1861.0,0.12820,
457,14o-14q,6201679786173.9,109119.46398,109119.46400,22,24,0.93265E-24*,0.58634E-06,0.26322E+06,-4.85164,
458,14o-15q,1386508.6634339,109119.46398,109191.58758,22,24,0.11302E-03*,3.5515,0.35645E+06,1.93062,
459,14O-15q,1386508.9734155,109119.46400,109191.58758,24,24,0.41098E-06*,0.11838E-01,1296.2,-0.54650,
460,14O-14Q,7329258605233.9,109119.46400,109119.46401,24,26,0.56708E-24*,0.49448E-06,0.28619E+06,-4.89088,
461,14O-15Q,1386508.7601623,109119.46400,109191.58759,24,26,0.11343E-03*,3.5397,0.38756E+06,1.96393,
462,14q-14r,7329258605233.9,109119.46400,109119.46401,24,26,0.29444E-24*,0.25675E-06,0.14860E+06,-5.17552,
463,14q-15r,1386508.7601623,109119.46400,109191.58759,24,26,0.13057E-03*,4.0743,0.44610E+06,2.02503,
464,14q-16r,762477.17169045,109119.46400,109250.61546,24,26,0.45874E-04*,0.43292,26067.,1.05138,
465,14Q-15r,1386509.0224544,109119.46401,109191.58759,26,26,0.40298E-06*,0.11608E-01,1376.8,-0.52028,
466,14Q-16r,762477.25101245,109119.46401,109250.61546,26,26,0.14159E-06*,0.12334E-02,80.452,-1.49393,
467,14Q-14R,8550802302296.7,109119.46401,109119.46402,26,28,0.18599E-24*,0.21944E-06,0.16052E+06,-5.21152,
468,14Q-15R,1386508.8396660,109119.46401,109191.58760,26,28,0.13097E-03*,4.0627,0.48190E+06,2.05598,
469,14Q-16R,762477.20546427,109119.46401,109250.61547,26,28,0.46016E-04*,0.43168,28158.,1.08232,
470,14r-15q,1386509.2357077,109119.46401,109191.58758,26,24,0.10739E-06*,0.28554E-02,338.69,-1.16412,
471,14r-15Q,1386509.0224544,109119.46401,109191.58759,26,26,0.30596E-09*,0.88130E-05,1.0453,-3.63990,
472,14r-15t,1386508.8396660,109119.46401,109191.58760,26,28,0.15054E-03*,4.6698,0.55390E+06,2.11646,
473,14r-16t,762477.20546427,109119.46401,109250.61547,26,28,0.29087E-04*,0.27287,17799.,0.88311,
474,14r-17t,555332.44952642,109119.46401,109299.53632,26,28,0.93261E-05*,0.46410E-01,2204.9,0.11377,
475,14R-15Q,1386509.2472763,109119.46402,109191.58759,28,26,0.10708E-06*,0.28642E-02,365.87,-1.12802,
476,14R-15t,1386509.0644878,109119.46402,109191.58760,28,28,0.39931E-06*,0.11502E-01,1469.2,-0.49207,
477,14R-16t,762477.27345456,109119.46402,109250.61547,28,28,0.77153E-07*,0.67209E-03,47.212,-1.72542,
478,14R-17t,555332.48559252,109119.46402,109299.53632,28,28,0.24738E-07*,0.11431E-03,5.8484,-2.49475,
479,14R-15T,1386508.9060711,109119.46402,109191.58761,28,30,0.15094E-03*,4.6583,0.59504E+06,2.14535,
480,14R-16T,762477.23397947,109119.46402,109250.61548,28,30,0.29164E-04*,0.27220,19121.,0.91200,
481,14R-17T,555332.46813476,109119.46402,109299.53633,28,30,0.93509E-05*,0.46296E-01,2368.6,0.14266,
482,15q-15r,9014667297057.7,109191.58758,109191.58759,24,26,0.37678E-24*,0.49701E-06,0.35381E+06,-4.88866,
483,15q-16r,1694114.6871855,109191.58758,109250.61546,24,26,0.83110E-04*,3.8719,0.51798E+06,2.00289,
484,15Q-16r,1694115.0055584,109191.58759,109250.61546,26,26,0.25651E-06*,0.11031E-01,1598.7,-0.54241,
485,15Q-15R,10517112673320.,109191.58759,109191.58760,26,28,0.23800E-24*,0.42480E-06,0.38220E+06,-4.92466,
486,15Q-16R,1694114.7807031,109191.58759,109250.61547,26,28,0.83366E-04*,3.8608,0.55955E+06,2.03384,
487,15r-15t,10517112673320.,109191.58759,109191.58760,26,28,0.12325E-24*,0.21998E-06,0.19792E+06,-5.21045,
488,15r-16t,1694114.7807031,109191.58759,109250.61547,26,28,0.95074E-04*,4.4031,0.63813E+06,2.09091,
489,15r-17t,926365.68066119,109191.58759,109299.53632,26,28,0.32115E-04*,0.44472,35243.,1.09524,
490,15R-16t,1694115.0535941,109191.58760,109250.61547,28,28,0.25219E-06*,0.10845E-01,1692.7,-0.51761,
491,15R-17t,926365.76225711,109191.58760,109299.53632,28,28,0.85186E-07*,0.10954E-02,93.484,-1.51329,
492,15R-15T,12135130614734.,109191.58760,109191.58761,28,30,0.80445E-25*,0.19018E-06,0.21262E+06,-5.24371,
493,15R-16T,1694114.8587196,109191.58760,109250.61548,28,30,0.95327E-04*,4.3922,0.68553E+06,2.11981,
494,15R-17T,926365.71367822,109191.58760,109299.53633,28,30,0.32200E-04*,0.44362,37861.,1.12413,
495,15t-16r,1694115.2784494,109191.58760,109250.61546,28,26,0.66951E-07*,0.26735E-02,417.27,-1.15795,
496,15t-16R,1694115.0535941,109191.58760,109250.61547,28,28,0.16490E-09*,0.70915E-05,1.1068,-3.70210,
497,15t-16u,1694114.8587196,109191.58760,109250.61548,28,30,0.10858E-03*,5.0029,0.78084E+06,2.17635,
498,15t-17u,926365.71367822,109191.58760,109299.53633,28,30,0.20056E-04*,0.27631,23582.,0.91851,
499,15t-18u,671389.31578615,109191.58760,109340.53248,28,30,0.61890E-05*,0.44787E-01,2770.3,0.12827,
500,15T-16R,1694115.2900997,109191.58761,109250.61547,30,28,0.66786E-07*,0.26806E-02,448.26,-1.12461,
501,15T-16u,1694115.0952251,109191.58761,109250.61548,30,30,0.25019E-06*,0.10759E-01,1799.2,-0.49111,
502,15T-17u,926365.78439469,109191.58761,109299.53633,30,30,0.46212E-07*,0.59421E-03,54.335,-1.74894,
503,15T-18u,671389.35293150,109191.58761,109340.53248,30,30,0.14260E-07*,0.96316E-04,6.3831,-2.53918,
504,15T-16U,1694114.9247098,109191.58761,109250.61548,30,32,0.10883E-03*,4.9922,0.83482E+06,2.20344,
505,15T-17U,926365.74188816,109191.58761,109299.53634,30,32,0.20102E-04*,0.27571,25212.,0.94561,
506,15T-18U,671389.33412236,109191.58761,109340.53249,30,32,0.62032E-05*,0.44691E-01,2961.8,0.15537,
507,16r-16t,12763879284513.,109250.61546,109250.61547,26,28,0.16231E-24*,0.42669E-06,0.46592E+06,-4.92273,
508,16r-17t,2044117.7209144,109250.61546,109299.53632,26,28,0.62198E-04*,4.1937,0.73336E+06,2.06976,
509,16R-17t,2044118.0482771,109250.61547,109299.53632,28,28,0.16498E-06*,0.10329E-01,1945.2,-0.53877,
510,16R-16T,14727553749653.,109250.61547,109250.61548,28,30,0.10594E-24*,0.36889E-06,0.50052E+06,-4.95598,
511,16R-17T,2044117.8117427,109250.61547,109299.53633,28,30,0.62363E-04*,4.1834,0.78783E+06,2.09865,
512,16t-16u,14727553749653.,109250.61547,109250.61548,28,30,0.54735E-25*,0.19059E-06,0.25860E+06,-5.24277,
513,16t-17u,2044117.8117427,109250.61547,109299.53633,28,30,0.70547E-04*,4.7323,0.89120E+06,2.15220,
514,16t-18u,1112136.6214303,109250.61547,109340.53248,28,30,0.22935E-04*,0.45540,46660.,1.13551,
515,16T-17u,2044118.0954570,109250.61548,109299.53633,30,30,0.16255E-06*,0.10177E-01,2053.5,-0.51526,
516,16T-18u,1112136.7054122,109250.61548,109340.53248,30,30,0.52845E-07*,0.97935E-03,107.51,-1.53194,
517,16T-16U,16831490707048.,109250.61548,109250.61548,30,32,0.36752E-25*,0.16641E-06,0.27648E+06,-5.27367,
518,16T-17U,2044117.8884893,109250.61548,109299.53634,30,32,0.70709E-04*,4.7221,0.95281E+06,2.17929,
519,16T-18U,1112136.6538019,109250.61548,109340.53249,30,32,0.22987E-04*,0.45442,49886.,1.16261,
520,16u-17t,2044118.3319915,109250.61548,109299.53632,30,28,0.43009E-07*,0.25132E-02,507.10,-1.15261,
521,16u-17T,2044118.0954570,109250.61548,109299.53633,30,30,0.92492E-10*,0.57908E-05,1.1684,-3.76014,
522,16u-17v,2044117.8884893,109250.61548,109299.53634,30,32,0.79902E-04*,5.3361,0.10767E+07,2.23237,
523,16u-18v,1112136.6538019,109250.61548,109340.53249,30,32,0.14133E-04*,0.27938,30670.,0.95134,
524,16u-19v,802490.62093426,109250.61548,109375.22753,30,32,0.42017E-05*,0.43247E-01,3425.8,0.14111,
525,16U-17T,2044118.3437071,109250.61548,109299.53633,32,30,0.42916E-07*,0.25190E-02,542.15,-1.12165,
526,16U-17v,2044118.1367394,109250.61548,109299.53634,32,32,0.16142E-06*,0.10106E-01,2175.1,-0.49026,
527,16U-18v,1112136.7272861,109250.61548,109340.53249,32,32,0.28551E-07*,0.52912E-03,61.959,-1.77129,
528,16U-19v,802490.65919536,109250.61548,109375.22753,32,32,0.84883E-08*,0.81907E-04,6.9207,-2.58153,
529,16U-17V,2044117.9541208,109250.61548,109299.53634,32,34,0.80064E-04*,5.3260,0.11463E+07,2.25788,
530,16U-18V,1112136.6817476,109250.61548,109340.53249,32,34,0.14161E-04*,0.27885,32652.,0.97685,
531,16U-19V,802490.63903497,109250.61548,109375.22753,32,34,0.42102E-05*,0.43165E-01,3647.2,0.16661,
532,17t-17u,17665153970005.,109299.53632,109299.53633,28,30,0.73923E-25*,0.37034E-06,0.60271E+06,-4.95428,
533,17t-18u,2439253.0521848,109299.53632,109340.53248,28,30,0.47286E-04*,4.5168,0.10150E+07,2.13195,
534,17T-18u,2439253.3890036,109299.53633,109340.53248,30,30,0.10895E-06*,0.97135E-02,2338.8,-0.53550,
535,17T-17U,20188748339399.,109299.53633,109299.53634,30,32,0.49637E-25*,0.32335E-06,0.64438E+06,-4.98518,
536,17T-18U,2439253.1407282,109299.53633,109340.53249,30,32,0.47394E-04*,4.5070,0.10852E+07,2.15904,
537,17u-17v,20188748339399.,109299.53633,109299.53634,30,32,0.25594E-25*,0.16673E-06,0.33226E+06,-5.27285,
538,17u-18v,2439253.1407282,109299.53633,109340.53249,30,32,0.53231E-04*,5.0620,0.12188E+07,2.20947,
539,17u-19v,1321157.6204182,109299.53633,109375.22753,30,32,0.16672E-04*,0.46511,60656.,1.17271,
540,17U-18v,2439253.4354447,109299.53634,109340.53249,32,32,0.10754E-06*,0.95872E-02,2462.3,-0.51316,
541,17U-19v,1321157.7068751,109299.53634,109375.22753,32,32,0.33682E-07*,0.88090E-03,122.54,-1.54993,
542,17U-17V,22880582300894.,109299.53634,109299.53634,32,34,0.17617E-25*,0.14683E-06,0.35374E+06,-5.30170,
543,17U-18V,2439253.2163782,109299.53634,109340.53249,32,34,0.53338E-04*,5.0524,0.12976E+07,2.23498,
544,17U-19V,1321157.6522329,109299.53634,109375.22753,32,34,0.16706E-04*,0.46423,64577.,1.19821,
545,17v-18u,2439253.6837201,109299.53634,109340.53248,32,30,0.28367E-07*,0.23709E-02,608.93,-1.14796,
546,17v-18U,2439253.4354447,109299.53634,109340.53249,32,32,0.53725E-10*,0.47898E-05,1.2302,-3.81453,
547,17v-18w,2439253.2163782,109299.53634,109340.53249,32,34,0.59849E-04*,5.6692,0.14560E+07,2.28500,
548,17v-19w,1321157.6522329,109299.53634,109375.22753,32,34,0.10153E-04*,0.28213,39246.,0.98194,
549,17v-20w,949548.07257167,109299.53634,109404.84959,32,34,0.29113E-05*,0.41789E-01,4178.0,0.15255,
550,17V-18U,2439253.6954887,109299.53634,109340.53249,34,32,0.28313E-07*,0.23757E-02,648.29,-1.11905,
551,17V-18w,2439253.4764221,109299.53634,109340.53249,34,34,0.10687E-06*,0.95281E-02,2600.1,-0.48951,
552,17V-19w,1321157.7285184,109299.53634,109375.22753,34,34,0.18130E-07*,0.47418E-03,70.083,-1.79258,
553,17V-20w,949548.11197808,109299.53634,109404.84959,34,34,0.51987E-08*,0.70234E-04,7.4608,-2.62197,
554,17V-18W,2439253.2816963,109299.53634,109340.53249,34,36,0.59956E-04*,5.6597,0.15444E+07,2.30910,
555,17V-19W,1321157.6799476,109299.53634,109375.22753,34,36,0.10171E-04*,0.28166,41629.,1.00603,
556,17V-20W,949548.09046656,109299.53634,109404.84959,34,36,0.29165E-05*,0.41719E-01,4431.7,0.17664,
557,18u-18v,23965149309511.,109340.53248,109340.53249,30,32,0.35348E-25*,0.32447E-06,0.76757E+06,-4.98367,
558,18u-19v,2882255.9690840,109340.53248,109375.22753,30,32,0.36459E-04*,4.8408,0.13773E+07,2.19007,
559,18U-19v,2882256.3157290,109340.53249,109375.22753,32,32,0.73655E-07*,0.91683E-02,2782.3,-0.53256,
560,18U-18V,27160503747913.,109340.53249,109340.53249,32,34,0.24331E-25*,0.28576E-06,0.81719E+06,-5.01253,
561,18U-19V,2882256.0556627,109340.53249,109375.22753,32,34,0.36533E-04*,4.8317,0.14663E+07,2.21558,
562,18v-18w,27160503747913.,109340.53249,109340.53249,32,34,0.12524E-25*,0.14708E-06,0.42061E+06,-5.30097,
563,18v-19w,2882256.0556627,109340.53249,109375.22753,32,34,0.40770E-04*,5.3921,0.16364E+07,2.26324,
564,18v-20w,1554796.3079581,109340.53249,109404.84959,32,34,0.12316E-04*,0.47398,77594.,1.20724,
565,18V-19w,2882256.3615260,109340.53249,109375.22753,34,34,0.72804E-07*,0.90624E-02,2922.1,-0.51128,
566,18V-20w,1554796.3969620,109340.53249,109404.84959,34,34,0.21993E-07*,0.79661E-03,138.56,-1.56727,
567,18V-18W,30555567555235.,109340.53249,109340.53249,34,36,0.88114E-26*,0.13052E-06,0.44615E+06,-5.32803,
568,18V-19W,2882256.1303560,109340.53249,109375.22753,34,36,0.40843E-04*,5.3831,0.17357E+07,2.28733,
569,18V-20W,1554796.3392875,109340.53249,109404.84959,34,36,0.12338E-04*,0.47319,82305.,1.23134,
570,18w-19v,2882256.6215924,109340.53249,109375.22753,34,32,0.19153E-07*,0.22438E-02,723.51,-1.14386,
571,18w-19V,2882256.3615260,109340.53249,109375.22753,34,34,0.32190E-10*,0.40069E-05,1.2920,-3.86572,
572,18w-19x,2882256.1303560,109340.53249,109375.22753,34,36,0.45542E-04*,6.0024,0.19354E+07,2.33463,
573,18w-20x,1554796.3392875,109340.53249,109404.84959,34,36,0.74213E-05*,0.28462,49507.,1.01057,
574,18w-21x,1113473.3897331,109340.53249,109430.34155,34,36,0.20545E-05*,0.40411E-01,5033.9,0.16281,
575,18W-19V,2882256.6334045,109340.53249,109375.22753,36,34,0.19121E-07*,0.22479E-02,767.44,-1.11675,
576,18W-19x,2882256.4022345,109340.53249,109375.22753,36,36,0.72404E-07*,0.90126E-02,3077.0,-0.48885,
577,18W-20x,1554796.4184021,109340.53249,109404.84959,36,36,0.11799E-07*,0.42736E-03,78.707,-1.81290,
578,18W-21x,1113473.4303091,109340.53249,109430.34155,36,36,0.32662E-08*,0.60678E-04,8.0030,-2.66067,
579,18W-19X,2882256.1953981,109340.53249,109375.22753,36,38,0.45615E-04*,5.9934,0.20462E+07,2.35746,
580,18W-20X,1554796.3667986,109340.53249,109404.84960,36,38,0.74331E-05*,0.28420,52340.,1.03340,
581,18W-21X,1113473.4074466,109340.53249,109430.34155,36,38,0.20577E-05*,0.40351E-01,5322.0,0.18564,
582,19v-19w,31943396898153.,109375.22753,109375.22753,32,34,0.17645E-25*,0.28664E-06,0.96407E+06,-5.01118,
583,19v-20w,3375861.7600913,109375.22753,109404.84959,32,34,0.28472E-04*,5.1658,0.18362E+07,2.24462,
584,19V-20w,3375862.1168613,109375.22753,109404.84959,34,34,0.50843E-07*,0.86821E-02,3278.9,-0.52990,
585,19V-19W,35936322875454.,109375.22753,109375.22753,34,36,0.12415E-25*,0.25436E-06,0.10226E+07,-5.03824,
586,19V-20W,3375861.8449630,109375.22753,109404.84959,34,36,0.28523E-04*,5.1571,0.19477E+07,2.26871,
587,19w-19x,35936322875454.,109375.22753,109375.22753,34,36,0.63799E-26*,0.13071E-06,0.52550E+06,-5.32737,
588,19w-20x,3375861.8449630,109375.22753,109404.84959,34,36,0.31650E-04*,5.7225,0.21612E+07,2.31389,
589,19w-21x,1814420.3173187,109375.22753,109430.34155,34,36,0.92306E-05*,0.48212,97860.,1.23945,
590,19W-20x,3375862.1620918,109375.22753,109404.84959,36,36,0.50318E-07*,0.85924E-02,3435.9,-0.50958,
591,19W-21x,1814420.4089285,109375.22753,109430.34155,36,36,0.14675E-07*,0.72390E-03,155.58,-1.58402,
592,19W-19X,40164126495520.,109375.22753,109375.22753,36,38,0.45771E-26*,0.11678E-06,0.55558E+06,-5.35285,
593,19W-20X,3375861.9188143,109375.22753,109404.84960,36,38,0.31700E-04*,5.7139,0.22849E+07,2.33672,
594,19W-21X,1814420.3482213,109375.22753,109430.34155,36,38,0.92453E-05*,0.48139,0.10346E+06,1.26228,
595,19x-20w,3375862.4339902,109375.22753,109404.84959,36,34,0.13205E-07*,0.21296E-02,851.59,-1.14022,
596,19x-20W,3375862.1620918,109375.22753,109404.84959,36,36,0.19827E-10*,0.33857E-05,1.3539,-3.91405,
597,19x-20y,3375861.9188143,109375.22753,109404.84960,36,38,0.35149E-04*,6.3356,0.25335E+07,2.38157,
598,19x-21y,1814420.3482213,109375.22753,109430.34155,36,38,0.55097E-05*,0.28688,61657.,1.03749,
599,19x-22y,1295178.3000986,109375.22753,109452.43698,36,38,0.14741E-05*,0.39109E-01,6000.0,0.17206,
600,19X-20W,3375862.4458387,109375.22753,109404.84959,38,36,0.13185E-07*,0.21330E-02,900.33,-1.11470,
601,19X-20y,3375862.2025612,109375.22753,109404.84960,38,38,0.50070E-07*,0.85501E-02,3608.9,-0.48825,
602,19X-21y,1814420.4301880,109375.22753,109430.34155,38,38,0.78485E-08*,0.38716E-03,87.831,-1.83233,
603,19X-22y,1295178.3418644,109375.22753,109452.43698,38,38,0.20998E-08*,0.52779E-04,8.5470,-2.69776,
604,19X-20Y,3375861.9836115,109375.22753,109404.84960,38,40,0.35199E-04*,6.3271,0.26706E+07,2.40326,
605,19X-21Y,1814420.3755515,109375.22753,109430.34155,38,40,0.55175E-05*,0.28650,64995.,1.05918,
606,19X-22Y,1295178.3176510,109375.22753,109452.43698,38,40,0.14762E-05*,0.39056E-01,6324.8,0.19375,
607,20w-20x,41914358143731.,109404.84959,109404.84959,34,36,0.91514E-26*,0.25507E-06,0.11960E+07,-5.03704,
608,20w-21x,3922805.7139841,109404.84959,109430.34155,34,36,0.22494E-04*,5.4916,0.24100E+07,2.29600,
609,20W-21x,3922806.0811234,109404.84959,109430.34155,36,36,0.35761E-07*,0.82456E-02,3831.4,-0.52748,
610,20W-20X,46845460310444.,109404.84959,109404.84960,36,38,0.65654E-26*,0.22788E-06,0.12645E+07,-5.06252,
611,20W-21X,3922805.7973588,109404.84959,109430.34155,36,38,0.22529E-04*,5.4833,0.25479E+07,2.31883,
612,20x-20y,46845460310444.,109404.84959,109404.84960,36,38,0.33691E-26*,0.11694E-06,0.64888E+06,-5.35226,
613,20x-21y,3922805.7973588,109404.84959,109430.34155,36,38,0.24871E-04*,6.0532,0.28127E+07,2.36177,
614,20x-22y,2101397.2840048,109404.84959,109452.43698,36,38,0.70100E-05*,0.48959,0.12187E+06,1.26962,
615,20X-21y,3922806.1258518,109404.84960,109430.34155,38,38,0.35429E-07*,0.81690E-02,4006.7,-0.50805,
616,20X-22y,2101397.3782695,109404.84960,109452.43698,38,38,0.99857E-08*,0.66072E-03,173.60,-1.60020,
617,20X-20Y,52050511198317.,109404.84960,109404.84960,38,40,0.24596E-26*,0.10510E-06,0.68400E+06,-5.37633,
618,20X-21Y,3922805.8704636,109404.84960,109430.34155,38,40,0.24906E-04*,6.0450,0.29650E+07,2.38346,
619,20X-22Y,2101397.3145293,109404.84960,109452.43698,38,40,0.70200E-05*,0.48893,0.12846E+06,1.29131,
620,20y-21x,3922806.4096165,109404.84960,109430.34155,38,36,0.92768E-08*,0.20264E-02,993.92,-1.13697,
621,20y-21X,3922806.1258518,109404.84960,109430.34155,38,38,0.12519E-10*,0.28866E-05,1.4158,-3.95982,
622,20y-21z,3922805.8704636,109404.84960,109430.34155,38,40,0.27476E-04*,6.6688,0.32709E+07,2.42611,
623,20y-22z,2101397.3145293,109404.84960,109452.43698,38,40,0.41486E-05*,0.28894,75918.,1.06287,
624,20y-23z,1495574.5379827,109404.84960,109471.71353,38,40,0.10737E-05*,0.37879E-01,7083.1,0.18046,
625,20Y-21X,3922806.4214956,109404.84960,109430.34155,40,38,0.92642E-08*,0.20293E-02,1047.7,-1.11287,
626,20Y-21z,3922806.1661074,109404.84960,109430.34155,40,40,0.35271E-07*,0.81327E-02,4198.9,-0.48770,
627,20Y-22z,2101397.3993675,109404.84960,109452.43698,40,40,0.53255E-08*,0.35237E-03,97.455,-1.85094,
628,20Y-23z,1495574.5809552,109404.84960,109471.71353,40,40,0.13783E-08*,0.46194E-04,9.0926,-2.73336,
629,20Y-21Z,3922805.9350419,109404.84960,109430.34156,40,42,0.27512E-04*,6.6607,0.34389E+07,2.44677,
630,20Y-22Z,2101397.3416978,109404.84960,109452.43698,40,42,0.41539E-05*,0.28859,79816.,1.08353,
631,20Y-23Z,1495574.5553910,109404.84960,109471.71353,40,42,0.10751E-05*,0.37833E-01,7446.9,0.20111,
632,21x-21y,54229475953664.,109430.34155,109430.34155,36,38,0.49115E-26*,0.22845E-06,0.14675E+07,-5.06143,
633,21x-22y,4525823.1197692,109430.34155,109452.43698,36,38,0.17959E-04*,5.8180,0.31190E+07,2.34456,
634,21X-22y,4525823.4974804,109430.34155,109452.43698,38,38,0.25582E-07*,0.78515E-02,4443.0,-0.52526,
635,21X-21Y,60254972763771.,109430.34155,109430.34155,38,40,0.35856E-26*,0.20533E-06,0.15469E+07,-5.08550,
636,21X-22Y,4525823.2018207,109430.34155,109452.43698,38,40,0.17984E-04*,5.8101,0.32878E+07,2.36625,
637,21y-21z,60254972763771.,109430.34155,109430.34155,38,40,0.18376E-26*,0.10523E-06,0.79278E+06,-5.37580,
638,21y-22z,4525823.2018207,109430.34155,109452.43698,38,40,0.19761E-04*,6.3841,0.36126E+07,2.40716,
639,21y-23z,2417094.8452499,109430.34155,109471.71353,38,40,0.53880E-05*,0.49650,0.15005E+06,1.29798,
640,21Y-22z,4525823.5417607,109430.34155,109452.43698,40,40,0.25367E-07*,0.77855E-02,4637.5,-0.50665,
641,21Y-23z,2417094.9422104,109430.34155,109471.71353,40,40,0.69166E-08*,0.60548E-03,192.62,-1.61584,
642,21Y-21Z,66597603886747.,109430.34155,109430.34156,40,42,0.13627E-26*,0.95092E-07,0.83349E+06,-5.39861,
643,21Y-22Z,4525823.2742590,109430.34155,109452.43698,40,42,0.19786E-04*,6.3764,0.37981E+07,2.42782,
644,21Y-23Z,2417094.8754370,109430.34155,109471.71353,40,42,0.53949E-05*,0.49589,0.15775E+06,1.31863,
645,21z-22y,4525823.8374204,109430.34155,109452.43698,40,38,0.66287E-08*,0.19327E-02,1151.2,-1.13405,
646,21z-22Y,4525823.5417607,109430.34155,109452.43698,40,40,0.80838E-11*,0.24810E-05,1.4778,-4.00331,
647,21z-22a,4525823.2742590,109430.34155,109452.43698,40,42,0.21728E-04*,7.0021,0.41708E+07,2.46848,
648,21z-23a,2417094.8754370,109430.34155,109471.71353,40,42,0.31640E-05*,0.29083,92518.,1.08688,
649,21z-24a,1715573.8428603,109430.34155,109488.63109,40,42,0.79290E-06*,0.36716E-01,8290.1,0.18810,
650,21Z-22Y,4525823.8493255,109430.34156,109452.43698,42,40,0.66206E-08*,0.19352E-02,1210.4,-1.11121,
651,21Z-22a,4525823.5818238,109430.34156,109452.43698,42,42,0.25265E-07*,0.77542E-02,4849.8,-0.48721,
652,21Z-23a,2417094.9631631,109430.34156,109471.71353,42,42,0.36791E-08*,0.32207E-03,107.58,-1.86880,
653,21Z-24a,1715573.8870540,109430.34156,109488.63109,42,42,0.92198E-09*,0.40660E-04,9.6396,-2.76759,
654,21Z-22A,4525823.3386405,109430.34156,109452.43698,42,44,0.21753E-04*,6.9943,0.43745E+07,2.48820,
655,21Z-23A,2417094.9024601,109430.34156,109471.71353,42,44,0.31677E-05*,0.29050,97037.,1.10661,
656,21Z-24A,1715573.8601392,109430.34156,109488.63109,42,44,0.79383E-06*,0.36675E-01,8694.9,0.20782,
657,22y-22z,69279230175122.,109452.43698,109452.43698,38,40,0.27185E-26*,0.20579E-06,0.17826E+07,-5.08451,
658,22y-23z,5187649.2666328,109452.43698,109471.71353,38,40,0.14477E-04*,6.1450,0.39858E+07,2.39058,
659,22Y-23z,5187649.6550856,109452.43698,109471.71353,40,40,0.18584E-07*,0.74939E-02,5116.5,-0.52323,
660,22Y-22Z,76571782977515.,109452.43698,109452.43698,40,42,0.20160E-26*,0.18597E-06,0.18741E+07,-5.10732,
661,22Y-23Z,5187649.3475063,109452.43698,109471.71353,40,42,0.14496E-04*,6.1375,0.41904E+07,2.41124,
662,22z-22a,76571782977515.,109452.43698,109452.43698,40,42,0.10320E-26*,0.95197E-07,0.95938E+06,-5.39813,
663,22z-23a,5187649.3475063,109452.43698,109471.71353,40,42,0.15860E-04*,6.7153,0.45849E+07,2.45031,
664,22z-24a,2762880.6396401,109452.43698,109488.63109,40,42,0.41873E-05*,0.50288,0.18286E+06,1.32472,
665,22Z-23a,5187649.6989636,109452.43698,109471.71353,42,42,0.18442E-07*,0.74366E-02,5331.3,-0.50537,
666,22Z-24a,2762880.7393310,109452.43698,109488.63109,42,42,0.48689E-08*,0.55690E-03,212.63,-1.63097,
667,22Z-22A,84228962809136.,109452.43698,109452.43698,42,44,0.77625E-27*,0.86447E-07,0.10062E+07,-5.41980,
668,22Z-23A,5187649.4193461,109452.43698,109471.71353,42,44,0.15879E-04*,6.7078,0.48089E+07,2.47004,
669,22Z-24A,2762880.6695243,109452.43698,109488.63109,42,44,0.41922E-05*,0.50233,0.19179E+06,1.34444,
670,22a-23z,5187650.0065429,109452.43698,109471.71353,42,40,0.48102E-08*,0.18473E-02,1324.3,-1.13141,
671,22a-23Z,5187649.6989636,109452.43698,109471.71353,42,42,0.53269E-11*,0.21480E-05,1.5399,-4.04471,
672,22a-23b,5187649.4193461,109452.43698,109471.71353,42,44,0.17364E-04*,7.3353,0.52587E+07,2.50887,
673,22a-24b,2762880.6695243,109452.43698,109488.63109,42,44,0.24415E-05*,0.29256,0.11170E+06,1.10966,
674,22a-25b,1956087.9582690,109452.43698,109503.55943,42,44,0.59298E-06*,0.35615E-01,9627.5,0.19509,
675,22A-23Z,5187650.0184702,109452.43698,109471.71353,44,42,0.48049E-08*,0.18494E-02,1389.0,-1.10971,
676,22A-23b,5187649.7388527,109452.43698,109471.71353,44,44,0.18375E-07*,0.74094E-02,5564.7,-0.48676,
677,22A-24b,2762880.7601524,109452.43698,109488.63109,44,44,0.25836E-08*,0.29551E-03,118.20,-1.88597,
678,22A-25b,1956088.0036962,109452.43698,109503.55943,44,44,0.62749E-09*,0.35975E-04,10.188,-2.80054,
679,22A-23B,5187649.4835497,109452.43698,109471.71354,44,46,0.17382E-04*,7.3279,0.55035E+07,2.52774,
680,22A-24B,2762880.6964158,109452.43698,109488.63109,44,46,0.24441E-05*,0.29226,0.11690E+06,1.12853,
681,22A-25B,1956087.9754308,109452.43698,109503.55943,44,46,0.59360E-06*,0.35579E-01,10076.,0.21396,
682,23z-23a,87495197783061.,109471.71353,109471.71353,40,42,0.15472E-26*,0.18635E-06,0.21459E+07,-5.10642,
683,23z-24a,5911019.4439028,109471.71353,109488.63109,40,42,0.11774E-04*,6.4725,0.50354E+07,2.43432,
684,23Z-24a,5911019.8432408,109471.71353,109488.63109,42,42,0.13691E-07*,0.71677E-02,5855.1,-0.52137,
685,23Z-23A,96244721767070.,109471.71353,109471.71353,42,44,0.11638E-26*,0.16922E-06,0.22507E+07,-5.12809,
686,23Z-24A,5911019.5237210,109471.71353,109488.63109,42,44,0.11788E-04*,6.4653,0.52813E+07,2.45404,
687,23a-23b,96244721767070.,109471.71353,109471.71353,42,44,0.59513E-27*,0.86534E-07,0.11509E+07,-5.41936,
688,23a-24b,5911019.5237210,109471.71353,109488.63109,42,44,0.12848E-04*,7.0466,0.57561E+07,2.49143,
689,23a-25b,3140122.3068323,109471.71353,109503.55943,42,44,0.32873E-05*,0.50881,0.22080E+06,1.35001,
690,23A-24b,5911019.8867555,109471.71353,109488.63109,44,44,0.13596E-07*,0.71178E-02,6091.1,-0.50420,
691,23A-25b,3140122.4092833,109471.71353,109503.55943,44,44,0.34786E-08*,0.51395E-03,233.65,-1.64563,
692,23A-23B,105410883676776.,109471.71353,109471.71354,44,46,0.45347E-27*,0.78930E-07,0.12045E+07,-5.44000,
693,23A-24B,5911019.5950201,109471.71353,109488.63109,44,46,0.12861E-04*,7.0395,0.60241E+07,2.51030,
694,23A-25B,3140122.3364431,109471.71353,109503.55943,44,46,0.32908E-05*,0.50830,0.23108E+06,1.36888,
695,23b-24a,5911020.2062753,109471.71353,109488.63109,44,42,0.35400E-08*,0.17691E-02,1513.9,-1.12901,
696,23b-24A,5911019.8867555,109471.71353,109488.63109,44,44,0.35757E-11*,0.18720E-05,1.6020,-4.08424,
697,23b-24c,5911019.5950201,109471.71353,109488.63109,44,46,0.14011E-04*,7.6685,0.65625E+07,2.54747,
698,23b-25c,3140122.3364431,109471.71353,109503.55943,44,46,0.19044E-05*,0.29415,0.13373E+06,1.13133,
699,23b-26c,2218028.6309795,109471.71353,109516.79862,44,46,0.44863E-06*,0.34574E-01,11102.,0.20151,
700,23B-24A,5911020.2182218,109471.71354,109488.63109,46,44,0.35364E-08*,0.17709E-02,1584.4,-1.10834,
701,23B-24c,5911019.9264864,109471.71354,109488.63109,46,46,0.13550E-07*,0.70939E-02,6346.7,-0.48636,
702,23B-25c,3140122.4299853,109471.71354,109503.55943,46,46,0.18418E-08*,0.27211E-03,129.33,-1.90249,
703,23B-26c,2218028.6776507,109471.71354,109516.79862,46,46,0.43388E-09*,0.31984E-04,10.737,-2.83231,
704,23B-24C,5911019.6590623,109471.71354,109488.63109,46,48,0.14024E-04*,7.6614,0.68544E+07,2.56555,
705,23B-25C,3140122.3632151,109471.71354,109503.55943,46,48,0.19062E-05*,0.29388,0.13967E+06,1.14941,
706,23B-26C,2218028.6480349,109471.71354,109516.79862,46,48,0.44907E-06*,0.34542E-01,11596.,0.21959,
707,24a-24b,109352099651987.,109488.63109,109488.63109,42,44,0.90324E-27*,0.16954E-06,0.25621E+07,-5.12727,
708,24a-25b,6698668.9410200,109488.63109,109503.55943,42,44,0.96546E-05*,6.8004,0.62952E+07,2.47599,
709,24A-25b,6698669.3513657,109488.63109,109503.55943,44,44,0.10216E-07*,0.68691E-02,6661.6,-0.51965,
710,24A-24B,119766585926412.,109488.63109,109488.63109,44,46,0.68823E-27*,0.15464E-06,0.26814E+07,-5.14791,
711,24A-25B,6698669.0198875,109488.63109,109503.55943,44,46,0.96648E-05*,6.7935,0.65884E+07,2.49485,
712,24b-24c,119766585926412.,109488.63109,109488.63109,44,46,0.35160E-27*,0.79003E-07,0.13698E+07,-5.43960,
713,24b-25c,6698669.0198875,109488.63109,109503.55943,44,46,0.10496E-04*,7.3781,0.71552E+07,2.53070,
714,24b-26c,3550187.4873404,109488.63109,109516.79862,44,46,0.26050E-05*,0.51433,0.26435E+06,1.37400,
715,24B-25c,6698669.3945510,109488.63109,109503.55943,46,46,0.10151E-07*,0.68252E-02,6920.0,-0.50312,
716,24B-26c,3550187.5925770,109488.63109,109516.79862,46,46,0.25194E-08*,0.47579E-03,255.66,-1.65983,
717,24B-24C,130654460080813.,109488.63109,109488.63109,46,48,0.27108E-27*,0.72352E-07,0.14308E+07,-5.45931,
718,24B-25C,6698669.0906959,109488.63109,109503.55943,46,48,0.10507E-04*,7.3713,0.74735E+07,2.54878,
719,24B-26C,3550187.5167032,109488.63109,109516.79862,46,48,0.26075E-05*,0.51385,0.27611E+06,1.39208,
720,24c-25b,6698669.7260293,109488.63109,109503.55943,46,44,0.26390E-08*,0.16972E-02,1720.7,-1.12682,
721,24c-25B,6698669.3945510,109488.63109,109503.55943,46,46,0.24412E-11*,0.16414E-05,1.6641,-4.12204,
722,24c-25e,6698669.0906959,109488.63109,109503.55943,46,48,0.11405E-04*,8.0018,0.81128E+07,2.58443,
723,24c-26e,3550187.5167032,109488.63109,109516.79862,46,48,0.15002E-05*,0.29563,0.15885E+06,1.15199,
724,24C-25B,6698669.7379925,109488.63109,109503.55943,48,46,0.26365E-08*,0.16988E-02,1797.3,-1.10710,
725,24C-25e,6698669.4341374,109488.63109,109503.55943,48,48,0.10120E-07*,0.68042E-02,7198.6,-0.48598,
726,24C-26e,3550187.6131701,109488.63109,109516.79862,48,48,0.13311E-08*,0.25139E-03,140.95,-1.91842,
727,24C-25E,6698669.1545907,109488.63109,109503.55943,48,50,0.11415E-04*,7.9950,0.84584E+07,2.60179,
728,24C-26E,3550187.5433661,109488.63109,109516.79862,48,50,0.15015E-05*,0.29538,0.16562E+06,1.16935,
729,25b-25c,135369859605994.,109503.55943,109503.55943,44,46,0.53966E-27*,0.15491E-06,0.30360E+07,-5.14715,
730,25b-26c,7553333.0475164,109503.55943,109516.79862,44,46,0.79765E-05*,7.1288,0.77955E+07,2.51577,
731,25B-26c,7553333.4689754,109503.55943,109516.79862,46,46,0.77142E-08*,0.65946E-02,7539.2,-0.51805,
732,25B-25C,147676209614840.,109503.55943,109503.55943,46,48,0.41608E-27*,0.14187E-06,0.31711E+07,-5.16686,
733,25B-26C,7553333.1255228,109503.55943,109516.79862,46,48,0.79842E-05*,7.1222,0.81423E+07,2.53385,
734,25c-25e,147676209614840.,109503.55943,109503.55943,46,48,0.21237E-27*,0.72414E-07,0.16186E+07,-5.45894,
735,25c-26e,7553333.1255228,109503.55943,109516.79862,46,48,0.86428E-05*,7.7097,0.88140E+07,2.56828,
736,25C-26e,7553333.5118603,109503.55943,109516.79862,48,48,0.76689E-08*,0.65559E-02,7820.8,-0.50213,
737,25C-25E,160517625274351.,109503.55943,109503.55943,48,50,0.16552E-27*,0.66564E-07,0.16875E+07,-5.47779,
738,25C-26E,7553333.1958839,109503.55943,109516.79862,48,50,0.86505E-05*,7.7031,0.91894E+07,2.58564,
739,25e-26c,7553333.8553128,109503.55943,109516.79862,48,46,0.19907E-08*,0.16309E-02,1945.6,-1.12482,
740,25e-26C,7553333.5118603,109503.55943,109516.79862,48,48,0.16928E-11*,0.14471E-05,1.7263,-4.15826,
741,25e-26j,7553333.1958839,109503.55943,109516.79862,48,50,0.93601E-05*,8.3351,0.99432E+07,2.61988,
742,25E-26C,7553333.8672907,109503.55943,109516.79862,50,48,0.19890E-08*,0.16323E-02,2028.4,-1.10595,
743,25E-26j,7553333.5513143,109503.55943,109516.79862,50,50,0.76471E-08*,0.65373E-02,8123.6,-0.48563,
744,25E-26J,7553333.2596438,109503.55943,109516.79862,50,52,0.93678E-05*,8.3285,0.10349E+08,2.63657,
745,26c-26e,166115653137759.,109516.79862,109516.79862,46,48,0.32936E-27*,0.14210E-06,0.35727E+07,-5.16617,
746,26C-26E,180560495952628.,109516.79862,109516.79862,48,50,0.25669E-27*,0.13062E-06,0.37249E+07,-5.18502,
747,26e-26j,180560495952628.,109516.79862,109516.79862,48,50,0.13091E-27*,0.66616E-07,0.18997E+07,-5.47745,
748,26E-26J,195607197648878.,109516.79862,109516.79862,50,52,0.10305E-27*,0.61444E-07,0.19773E+07,-5.49552j