No.,transition,lambda(invacuo),Ei(cm^-1),Ek(cm^-1),gi,gk,Aki(s^-1),
1,1S-2S,1215.66962039,0.00000,82259.19141,2,2,0.24946E-05,
2,1S-3S,1025.72010424,0.00000,97492.48317,2,2,0.11087E-05,
3,1S-4S,972.53445551,0.00000,102824.12045,2,2,0.53029E-06,
4,1S-5S,949.74066867,0.00000,105291.90051,2,2,0.28704E-06,
5,1S-6S,937.80108953,0.00000,106632.42037,2,2,0.17111E-06,
6,1S-7S,930.74589408,0.00000,107440.71033,2,2,0.10968E-06,
7,1S-3d,1025.71896628,0.00000,97492.59133,2,4,0.69292E-08*,
8,1S-4d,972.53402393,0.00000,102824.16609,2,4,0.43213E-08*,
9,1S-5d,949.74045794,0.00000,105291.92388,2,4,0.25793E-08*,
10,1S-6d,937.80097063,0.00000,106632.43389,2,4,0.16136E-08*,
11,1S-7d,930.74582032,0.00000,107440.71885,2,4,0.10633E-08*,
12,2S-3S,6564.56933941,82259.19141,97492.48317,2,2,0.18708E-08,
13,2S-4S,4862.64746171,82259.19141,102824.12045,2,2,0.16144E-08,
14,2S-5S,4341.65167316,82259.19141,105291.90051,2,2,0.10788E-08,
15,2S-6S,4102.86220969,82259.19141,106632.42037,2,2,0.71574E-09,
16,2S-7S,3971.16632712,82259.19141,107440.71033,2,2,0.48563E-09,
17,2S-3d,6564.52272941,82259.19141,97492.59133,2,4,0.10479E-09*,
18,2S-4d,4862.63667230,82259.19141,102824.16609,2,4,0.60462E-10*,
19,2S-5d,4341.64726932,82259.19141,105291.92388,2,4,0.33703E-10*,
20,2S-6d,4102.85993380,82259.19141,106632.43389,2,4,0.20441E-10*,
21,2S-7d,3971.16498443,82259.19141,107440.71885,2,4,0.13025E-10*,
22,2p-3p,6564.56933941,82259.19141,97492.48317,2,2,0.49083E-09,
23,2p-4p,4862.64746171,82259.19141,102824.12045,2,2,0.38528E-09,
24,2p-5p,4341.65167316,82259.19141,105291.90051,2,2,0.24718E-09,
25,2p-6p,4102.86220969,82259.19141,106632.42037,2,2,0.15994E-09,
26,2p-7p,3971.16632712,82259.19141,107440.71033,2,2,0.10704E-09,
27,2p-2P,273940977.11562,82259.19141,82259.55646,2,4,0.43784E-12*,
28,2p-3P,6564.52272941,82259.19141,97492.59133,2,4,0.33801E-08*,
29,2p-4P,4862.63667230,82259.19141,102824.16609,2,4,0.17386E-08*,
30,2p-5P,4341.64726932,82259.19141,105291.92388,2,4,0.95590E-09*,
31,2p-6P,4102.85993380,82259.19141,106632.43389,2,4,0.57288E-09*,
32,2p-7P,3971.16498443,82259.19141,107440.71885,2,4,0.36774E-09*,
33,2P-3p,6564.72665287,82259.55646,97492.48317,4,2,0.12886E-07*,
34,2P-4p,4862.73377870,82259.55646,102824.12045,4,2,0.75163E-08*,
35,2P-5p,4341.72048447,82259.55646,105291.90051,4,2,0.43491E-08*,
36,2P-6p,4102.92365990,82259.55646,106632.42037,4,2,0.26754E-08*,
37,2P-7p,3971.22389569,82259.55646,107440.71033,4,2,0.17454E-08*,
38,2P-3P,6564.68004063,82259.55646,97492.59133,4,4,0.35289E-08*,
39,2P-4P,4862.72298891,82259.55646,102824.16609,4,4,0.27700E-08*,
40,2P-5P,4341.71608049,82259.55646,105291.92388,4,4,0.17786E-08*,
41,2P-6P,4102.92138394,82259.55646,106632.43389,4,4,0.11508E-08*,
42,2P-7P,3971.22255296,82259.55646,107440.71885,4,4,0.77260E-09*,
43,2P-4f,4862.71939241,82259.55646,102824.18129,4,6,0.43994E-10*,
44,2P-5f,4341.71461253,82259.55646,105291.93166,4,6,0.38489E-10*,
45,2P-6f,4102.92062530,82259.55646,106632.43839,4,6,0.28144E-10*,
46,2P-7f,3971.22210540,82259.55646,107440.72169,4,6,0.20124E-10*,
47,3S-4S,18755.96456799,97492.48317,102824.12045,2,2,0.20464E-10,
48,3S-5S,12821.47057842,97492.48317,105291.90051,2,2,0.25845E-10,
49,3S-6S,10940.99421511,97492.48317,106632.42037,2,2,0.21744E-10,
50,3S-7S,10052.04227385,97492.48317,107440.71033,2,2,0.16705E-10,
51,3S-3d,924549772.08800,97492.48317,97492.59133,2,4,0.25483E-26*,
52,3S-4d,18755.80404838,97492.48317,102824.16609,2,4,0.53957E-12*,
53,3S-5d,12821.43217262,97492.48317,105291.92388,2,4,0.70299E-12*,
54,3S-6d,10940.97803091,97492.48317,106632.43389,2,4,0.58055E-12*,
55,3S-7d,10052.03367093,97492.48317,107440.71885,2,4,0.43812E-12*,
56,3p-4p,18755.96456799,97492.48317,102824.12045,2,2,0.64068E-11,
57,3p-5p,12821.47057842,97492.48317,105291.90051,2,2,0.76779E-11,
58,3p-6p,10940.99421511,97492.48317,106632.42037,2,2,0.62822E-11,
59,3p-7p,10052.04227385,97492.48317,107440.71033,2,2,0.47495E-11,
60,3p-3P,924549772.08800,97492.48317,97492.59133,2,4,0.11389E-13*,
61,3p-4P,18755.80404838,97492.48317,102824.16609,2,4,0.19206E-09*,
62,3p-5P,12821.43217262,97492.48317,105291.92388,2,4,0.13513E-09*,
63,3p-6P,10940.97803091,97492.48317,106632.43389,2,4,0.88947E-10*,
64,3p-7P,10052.03367093,97492.48317,107440.71885,2,4,0.59933E-10*,
65,3P-4p,18756.34507032,97492.59133,102824.12045,4,2,0.53686E-09*,
66,3P-5p,12821.64838647,97492.59133,105291.90051,4,2,0.41446E-09*,
67,3P-6p,10941.12369086,97492.59133,106632.42037,4,2,0.28500E-09*,
68,3P-7p,10052.15156451,97492.59133,107440.71033,4,2,0.19686E-09*,
69,3P-4P,18756.18454419,97492.59133,102824.16609,4,4,0.45990E-10*,
70,3P-5P,12821.60997960,97492.59133,105291.92388,4,4,0.55282E-10*,
71,3P-6P,10941.10750628,97492.59133,106632.43389,4,4,0.45229E-10*,
72,3P-7P,10052.14296140,97492.59133,107440.71885,4,4,0.34202E-10*,
73,3P-4f,18756.13103732,97492.59133,102824.18129,4,6,0.14489E-11*,
74,3P-5f,12821.59717764,97492.59133,105291.93166,4,6,0.67887E-12*,
75,3P-6f,10941.10211154,97492.59133,106632.43839,4,6,0.30984E-12*,
76,3P-7f,10052.14009376,97492.59133,107440.72169,4,6,0.15710E-12*,
77,3d-4S,18756.34507032,97492.59133,102824.12045,4,2,0.12943E-13*,
78,3d-5S,12821.64838647,97492.59133,105291.90051,4,2,0.69795E-15*,
79,3d-6S,10941.12369086,97492.59133,106632.42037,4,2,0.22274E-15*,
80,3d-7S,10052.15156451,97492.59133,107440.71033,4,2,0.11017E-14*,
81,3d-4d,18756.18454419,97492.59133,102824.16609,4,4,0.18451E-10*,
82,3d-5d,12821.60997960,97492.59133,105291.92388,4,4,0.18217E-10*,
83,3d-6d,10941.10750628,97492.59133,106632.43389,4,4,0.13785E-10*,
84,3d-7d,10052.14296140,97492.59133,107440.71885,4,4,0.10479E-10*,
85,3d-3D,2773719066.2711,97492.59133,97492.62738,4,6,0.50615E-15*,
86,3d-4D,18756.13103732,97492.59133,102824.18129,4,6,0.14421E-10*,
87,3d-5D,12821.59717764,97492.59133,105291.93166,4,6,0.83211E-11*,
88,3d-6D,10941.10211154,97492.59133,106632.43839,4,6,0.50374E-11*,
89,3d-7D,10052.14009376,97492.59133,107440.72169,4,6,0.34135E-11*,
90,3D-4d,18756.31137637,97492.62738,102824.16609,6,4,0.54500E-10*,
91,3D-5d,12821.66924820,97492.62738,105291.92388,6,4,0.40623E-10*,
92,3D-6d,10941.15066433,97492.62738,106632.43389,6,4,0.27965E-10*,
93,3D-7d,10052.17939117,97492.62738,107440.71885,6,4,0.17662E-10*,
94,3D-4D,18756.25786878,97492.62738,102824.18129,6,6,0.60751E-10*,
95,3D-5D,12821.65644612,97492.62738,105291.93166,6,6,0.62577E-10*,
96,3D-6D,10941.14526955,97492.62738,106632.43839,6,6,0.48591E-10*,
97,3D-7D,10052.17652351,97492.62738,107440.72169,6,6,0.32703E-10*,
98,3D-5g,12821.65004513,97492.62738,105291.93556,6,8,0.14063E-11*,
99,3D-6g,10941.14257217,97492.62738,106632.44065,6,8,0.14364E-11*,
100,3D-7g,10052.17508969,97492.62738,107440.72310,6,8,0.14706E-11*,
101,4S-5S,40522.24979943,102824.12045,105291.90051,2,2,0.73600E-12,
102,4S-6S,26258.43612596,102824.12045,106632.42037,2,2,0.12355E-11,
103,4S-7S,21661.01010014,102824.12045,107440.71033,2,2,0.10438E-11,
104,4S-4d,2191527817.0712,102824.12045,102824.16609,2,4,0.11672E-27*,
105,4S-5d,40521.86617572,102824.12045,105291.92388,2,4,0.94120E-14*,
106,4S-6d,26258.34290482,102824.12045,106632.43389,2,4,0.21730E-13*,
107,4S-7d,21660.97015223,102824.12045,107440.71885,2,4,0.12779E-13*,
108,4p-5p,40522.24979943,102824.12045,105291.90051,2,2,0.24447E-12,
109,4p-6p,26258.43612596,102824.12045,106632.42037,2,2,0.38263E-12,
110,4p-7p,21661.01010014,102824.12045,107440.71033,2,2,0.37170E-12,
111,4p-4P,2191527817.0712,102824.12045,102824.16609,2,4,0.85516E-15*,
112,4p-5P,40521.86617572,102824.12045,105291.92388,2,4,0.20993E-10*,
113,4p-6P,26258.34290482,102824.12045,106632.43389,2,4,0.17986E-10*,
114,4p-7P,21660.97015223,102824.12045,107440.71885,2,4,0.13429E-10*,
115,4P-5p,40522.99908633,102824.16609,105291.90051,4,2,0.51580E-10*,
116,4P-6p,26258.75075292,102824.16609,106632.42037,4,2,0.47271E-10*,
117,4P-7p,21661.22419918,102824.16609,107440.71033,4,2,0.36544E-10*,
118,4P-5P,40522.61544844,102824.16609,105291.92388,4,4,0.17708E-11*,
119,4P-6P,26258.65752954,102824.16609,106632.43389,4,4,0.27673E-11*,
120,4P-7P,21661.18425047,102824.16609,107440.71885,4,4,0.26781E-11*,
121,4P-4f,6574734196.2897,102824.16609,102824.18129,4,6,0.11561E-29*,
122,4P-5f,40522.48757351,102824.16609,105291.93166,4,6,0.37157E-13*,
123,4P-6f,26258.62645587,102824.16609,106632.43839,4,6,0.45337E-13*,
124,4P-7f,21661.17093454,102824.16609,107440.72169,4,6,0.35709E-13*,
125,4d-5S,40522.99908633,102824.16609,105291.90051,4,2,0.16223E-14*,
126,4d-6S,26258.75075292,102824.16609,106632.42037,4,2,0.25925E-16*,
127,4d-7S,21661.22419918,102824.16609,107440.71033,4,2,0.96444E-17*,
128,4d-5d,40522.61544844,102824.16609,105291.92388,4,4,0.89568E-12*,
129,4d-6d,26258.65752954,102824.16609,106632.43389,4,4,0.11554E-11*,
130,4d-7d,21661.18425047,102824.16609,107440.71885,4,4,0.11147E-11*,
131,4d-4D,6574734196.2897,102824.16609,102824.18129,4,6,0.38004E-16*,
132,4d-5D,40522.48757351,102824.16609,105291.93166,4,6,0.21167E-11*,
133,4d-6D,26258.62645587,102824.16609,106632.43839,4,6,0.15555E-11*,
134,4d-7D,21661.17093454,102824.16609,107440.72169,4,6,0.11253E-11*,
135,4D-5d,40522.86520644,102824.18129,105291.92388,6,4,0.56296E-11*,
136,4D-6d,26258.76240372,102824.18129,106632.43389,6,4,0.51994E-11*,
137,4D-7d,21661.25561586,102824.18129,107440.71885,6,4,0.40243E-11*,
138,4D-5D,40522.73732994,102824.18129,105291.93166,6,6,0.28999E-11*,
139,4D-6D,26258.73132980,102824.18129,106632.43839,6,6,0.41659E-11*,
140,4D-7D,21661.24229984,102824.18129,107440.72169,6,6,0.38503E-11*,
141,4D-5g,40522.67339235,102824.18129,105291.93556,6,8,0.53515E-13*,
142,4D-6g,26258.71579295,102824.18129,106632.44065,6,8,0.13565E-13*,
143,4D-7g,21661.23564187,102824.18129,107440.72310,6,8,0.18964E-14*,
144,4f-5P,40522.86520644,102824.18129,105291.92388,6,4,0.66132E-17*,
145,4f-6P,26258.76240372,102824.18129,106632.43389,6,4,0.15463E-15*,
146,4f-7P,21661.25561586,102824.18129,107440.71885,6,4,0.20656E-16*,
147,4f-5f,40522.73732994,102824.18129,105291.93166,6,6,0.12733E-11*,
148,4f-6f,26258.73132980,102824.18129,106632.43839,6,6,0.15546E-11*,
149,4f-7f,21661.24229984,102824.18129,107440.72169,6,6,0.12729E-11*,
150,4f-4F,13149548627.740,102824.18129,102824.18890,6,8,0.50898E-17*,
151,4f-5F,40522.67339235,102824.18129,105291.93556,6,8,0.29785E-12*,
152,4f-6F,26258.71579295,102824.18129,106632.44065,6,8,0.19825E-12*,
153,4f-7F,21661.23564187,102824.18129,107440.72310,6,8,0.12151E-12*,
154,4F-5f,40522.86220855,102824.18890,105291.93166,8,6,0.11940E-11*,
155,4F-6f,26258.78376676,102824.18890,106632.43839,8,6,0.10088E-11*,
156,4F-7f,21661.27798245,102824.18890,107440.72169,8,6,0.74167E-12*,
157,4F-5F,40522.79827056,102824.18890,105291.93556,8,8,0.30210E-11*,
158,4F-6F,26258.76822985,102824.18890,106632.44065,8,8,0.35827E-11*,
159,4F-7F,21661.27132445,102824.18890,107440.72310,8,8,0.30027E-11*,
160,4F-6h,26258.75890773,102824.18890,106632.44200,8,10,0.94767E-13*,
161,4F-7h,21661.26732967,102824.18890,107440.72396,8,10,0.11321E-12*,
162,4F-8h,19450.93430451,102824.18890,107965.33011,8,10,0.10262E-12*,
163,5S-6S,74597.92537937,105291.90051,106632.42037,2,2,0.50099E-13,
164,5S-7S,46537.38970399,105291.90051,107440.71033,2,2,0.11925E-12,
165,5S-5d,4280332896.3412,105291.90051,105291.92388,2,4,0.93102E-29*,
166,5S-6d,74597.17301644,105291.90051,106632.43389,2,4,0.25784E-15*,
167,5S-7d,46537.20531293,105291.90051,107440.71885,2,4,0.19669E-14*,
168,5p-6p,74597.92537937,105291.90051,106632.42037,2,2,0.17967E-13,
169,5p-7p,46537.38970399,105291.90051,107440.71033,2,2,0.33806E-13,
170,5p-5P,4280332896.3412,105291.90051,105291.92388,2,4,0.11478E-15*,
171,5p-6P,74597.17301644,105291.90051,106632.43389,2,4,0.35246E-11*,
172,5p-7P,46537.20531293,105291.90051,107440.71885,2,4,0.34535E-11*,
173,5P-6p,74599.22549962,105291.92388,106632.42037,4,2,0.80915E-11*,
174,5P-7p,46537.89568150,105291.92388,107440.71033,4,2,0.83411E-11*,
175,5P-6P,74598.47311046,105291.92388,106632.43389,4,4,0.12936E-12*,
176,5P-7P,46537.71128643,105291.92388,107440.71885,4,4,0.24339E-12*,
177,5P-5f,12841276016.960,105291.92388,105291.93166,4,6,0.15498E-30*,
178,5P-6f,74598.22232264,105291.92388,106632.43839,4,6,0.17394E-14*,
179,5P-7f,46537.64982297,105291.92388,107440.72169,4,6,0.34352E-14*,
180,5d-6S,74599.22549962,105291.92388,106632.42037,4,2,0.10662E-15*,
181,5d-7S,46537.89568150,105291.92388,107440.71033,4,2,0.12341E-15*,
182,5d-6d,74598.47311046,105291.92388,106632.43389,4,4,0.69431E-13*,
183,5d-7d,46537.71128643,105291.92388,107440.71885,4,4,0.12327E-12*,
184,5d-5D,12841276016.960,105291.92388,105291.93166,4,6,0.51009E-17*,
185,5d-6D,74598.22232264,105291.92388,106632.43839,4,6,0.39549E-12*,
186,5d-7D,46537.64982297,105291.92388,107440.72169,4,6,0.36005E-12*,
187,5D-6d,74598.90647585,105291.93166,106632.43389,6,4,0.87877E-12*,
188,5D-7d,46537.87994307,105291.93166,107440.71885,6,4,0.92277E-12*,
189,5D-6D,74598.65568511,105291.93166,106632.43839,6,6,0.22817E-12*,
190,5D-7D,46537.81847916,105291.93166,107440.72169,6,6,0.40998E-12*,
191,5D-5g,25682695924.140,105291.93166,105291.93556,6,8,0.53640E-32*,
192,5D-6g,74598.53029104,105291.93166,106632.44065,6,8,0.33833E-14*,
193,5D-7g,46537.78774742,105291.93166,107440.72310,6,8,0.35599E-14*,
194,5f-6P,74598.90647585,105291.93166,106632.43389,6,4,0.13483E-16*,
195,5f-7P,46537.87994307,105291.93166,107440.71885,6,4,0.69679E-17*,
196,5f-6f,74598.65568511,105291.93166,106632.43839,6,6,0.13053E-12*,
197,5f-7f,46537.81847916,105291.93166,107440.72169,6,6,0.20708E-12*,
198,5f-5F,25682695924.140,105291.93166,105291.93556,6,8,0.68314E-18*,
199,5f-6F,74598.53029104,105291.93166,106632.44065,6,8,0.75835E-13*,
200,5f-7F,46537.78774742,105291.93166,107440.72310,6,8,0.61253E-13*,
201,5F-6f,74598.87236702,105291.93556,106632.43839,8,6,0.21610E-12*,
202,5F-7f,46537.90280724,105291.93556,107440.72169,8,6,0.22164E-12*,
203,5F-6F,74598.74697222,105291.93556,106632.44065,8,8,0.30792E-12*,
204,5F-7F,46537.87207539,105291.93556,107440.72310,8,8,0.48850E-12*,
205,5F-6h,74598.67173571,105291.93556,106632.44200,8,10,0.37039E-14*,
206,5F-7h,46537.85363634,105291.93556,107440.72396,8,10,0.25564E-15*,
207,5F-8h,37405.62715598,105291.93556,107965.33011,8,10,0.13824E-15*,
208,5g-6D,74598.87236702,105291.93556,106632.43839,8,6,0.34532E-17*,
209,5g-7D,46537.90280724,105291.93556,107440.72169,8,6,0.13947E-21*,
210,5g-6g,74598.74697222,105291.93556,106632.44065,8,8,0.14256E-12*,
211,5g-7g,46537.87207539,105291.93556,107440.72310,8,8,0.18153E-12*,
212,5g-5G,42804598305.746,105291.93556,105291.93789,8,10,0.15302E-18*,
213,5g-6G,74598.67173571,105291.93556,106632.44200,8,10,0.14827E-13*,
214,5g-7G,46537.85363634,105291.93556,107440.72396,8,10,0.94754E-14*,
215,5G-6g,74598.87698121,105291.93789,106632.44065,10,8,0.61392E-13*,
216,5G-7g,46537.92267220,105291.93789,107440.72310,10,8,0.55175E-13*,
217,5G-6G,74598.80174444,105291.93789,106632.44200,10,10,0.27776E-12*,
218,5G-7G,46537.90423311,105291.93789,107440.72396,10,10,0.35383E-12*,
219,5G-7i,46537.89194040,105291.93789,107440.72452,10,12,0.10444E-13*,
220,5G-8i,37405.65452338,105291.93789,107965.33049,10,12,0.13343E-13*,
221,5G-9i,32969.99557197,105291.93789,108324.99866,10,12,0.12735E-13*,
222,6S-7S,123717.97761276,106632.42037,107440.71033,2,2,0.58897E-14,
223,6S-6d,7396422794.1685,106632.42037,106632.43389,2,4,0.10865E-29*,
224,6S-7d,123716.67445022,106632.42037,107440.71885,2,4,0.17625E-16*,
225,6p-7p,123717.97761276,106632.42037,107440.71033,2,2,0.20445E-14,
226,6p-6P,7396422794.1685,106632.42037,106632.43389,2,4,0.22245E-16*,
227,6p-7P,123716.67445022,106632.42037,107440.71885,2,4,0.79275E-12*,
228,6P-7p,123720.04704476,106632.43389,107440.71033,4,2,0.17506E-11*,
229,6P-7P,123718.74383862,106632.43389,107440.71885,4,4,0.14720E-13*,
230,6P-6f,22189727912.616,106632.43389,106632.43839,4,6,0.22533E-31*,
231,6P-7f,123718.30945140,106632.43389,107440.72169,4,6,0.12746E-15*,
232,6d-7S,123720.04704476,106632.43389,107440.71033,4,2,0.17849E-16*,
233,6d-7d,123718.74383862,106632.43389,107440.71885,4,4,0.82148E-14*,
234,6d-6D,22189727912.616,106632.43389,106632.43839,4,6,0.98858E-18*,
235,6d-7D,123718.30945140,106632.43389,107440.72169,4,6,0.93610E-13*,
236,6D-7d,123719.43363586,106632.43839,107440.71885,6,4,0.18823E-12*,
237,6D-7D,123718.99924379,106632.43839,107440.72169,6,6,0.27697E-13*,
238,6D-6g,44379689692.018,106632.43839,106632.44065,6,8,0.83229E-33*,
239,6D-7g,123718.78204999,106632.43839,107440.72310,6,8,0.28955E-15*,
240,6f-7P,123719.43363586,106632.43839,107440.71885,6,4,0.35130E-17*,
241,6f-7f,123718.99924379,106632.43839,107440.72169,6,6,0.16913E-13*,
242,6f-6F,44379689692.018,106632.43839,106632.44065,6,8,0.13240E-18*,
243,6f-7F,123718.78204999,106632.43839,107440.72310,6,8,0.20325E-13*,
244,6F-7f,123719.34414105,106632.44065,107440.72169,8,6,0.47304E-13*,
245,6F-7F,123719.12694604,106632.44065,107440.72310,8,8,0.39896E-13*,
246,6F-6h,73966317977.476,106632.44065,106632.44200,8,10,0.73740E-34*,
247,6F-7h,123718.99662968,106632.44065,107440.72396,8,10,0.42112E-15*,
248,6F-8h,75024.97583780,106632.44065,107965.33011,8,10,0.33275E-15*,
249,6g-7D,123719.34414105,106632.44065,107440.72169,8,6,0.48071E-18*,
250,6g-7g,123719.12694604,106632.44065,107440.72310,8,8,0.23917E-13*,
251,6g-6G,73966317977.476,106632.44065,106632.44200,8,10,0.29657E-19*,
252,6g-7G,123718.99662968,106632.44065,107440.72396,8,10,0.53453E-14*,
253,6G-7g,123719.33388412,106632.44200,107440.72310,10,8,0.16253E-13*,
254,6G-7G,123719.20356733,106632.44200,107440.72396,10,10,0.46611E-13*,
255,6G-7i,123719.11668972,106632.44200,107440.72452,10,12,0.39336E-15*,
256,6G-8i,75025.03053386,106632.44200,107965.33049,10,12,0.32950E-19*,
257,6G-9i,59082.21708302,106632.44200,108324.99866,10,12,0.15743E-15*,
258,6h-7F,123719.33388412,106632.44200,107440.72310,10,8,0.25959E-19*,
259,6h-7h,123719.20356733,106632.44200,107440.72396,10,10,0.22109E-13*,
260,6h-8h,75025.05193667,106632.44200,107965.33011,10,10,0.29117E-13*,
261,6h-6H,110949614398.66,106632.44200,106632.44290,10,12,0.89869E-20*,
262,6h-7H,123719.11668972,106632.44200,107440.72452,10,12,0.12557E-14*,
263,6h-8H,75025.03053386,106632.44200,107965.33049,10,12,0.79261E-15*,
264,6H-7h,123719.34152597,106632.44290,107440.72396,12,10,0.53761E-14*,
265,6H-8h,75025.10266927,106632.44290,107965.33011,12,10,0.49615E-14*,
266,6H-7H,123719.25464817,106632.44290,107440.72452,12,12,0.38159E-13*,
267,6H-8H,75025.08126643,106632.44290,107965.33049,12,12,0.50255E-13*,
268,6H-8k,75025.06597872,106632.44290,107965.33077,12,14,0.15992E-14*,
269,6H-9k,59082.24188649,106632.44290,108324.99885,12,14,0.21210E-14*,
270,6H-10k,51286.66878291,106632.44290,108582.26734,12,14,0.20870E-14*,
271,7S-7d,11745255295.068,107440.71033,107440.71885,2,4,0.17087E-30*,
272,7p-7P,11745255295.068,107440.71033,107440.71885,2,4,0.55552E-17*,
273,7P-7f,35236473259.968,107440.71885,107440.72169,4,6,0.40499E-32*,
274,7d-7D,35236473259.968,107440.71885,107440.72169,4,6,0.24688E-18*,
275,7D-7g,70473301148.521,107440.72169,107440.72310,6,8,0.26626E-33*,
276,7f-7F,70473301148.521,107440.72169,107440.72310,6,8,0.33064E-19*,
277,7F-7h,117455754577.20,107440.72310,107440.72396,8,10,0.24851E-34*,
278,7F-8h,190618.87924011,107440.72310,107965.33011,8,10,0.54773E-16*,
279,7g-7G,117455754577.20,107440.72310,107440.72396,8,10,0.74064E-20*,
280,7G-7i,176183836128.22,107440.72396,107440.72452,10,12,0.21240E-35*,
281,7G-8i,190619.05043310,107440.72396,107965.33049,10,12,0.67672E-16*,
282,7G-9i,113087.03019869,107440.72396,108324.99866,10,12,0.35553E-16*,
283,7h-8h,190619.18859589,107440.72396,107965.33011,10,10,0.52875E-14*,
284,7h-7H,176183836128.22,107440.72396,107440.72452,10,12,0.22443E-20*,
285,7h-8H,190619.05043310,107440.72396,107965.33049,10,12,0.58221E-15*,
286,7H-8h,190619.39483339,107440.72452,107965.33011,12,10,0.18754E-14*,
287,7H-8H,190619.25667031,107440.72452,107965.33049,12,12,0.91261E-14*,
288,7H-8k,190619.15798258,107440.72452,107965.33077,12,14,0.56962E-16*,
289,7H-9k,113087.07839099,107440.72452,108324.99885,12,14,0.49780E-17*,
290,7H-10k,87600.74432538,107440.72452,108582.26734,12,14,0.68558E-16*,
291,7i-8i,190619.25667031,107440.72452,107965.33049,12,12,0.43914E-14*,
292,7i-9i,113087.10278585,107440.72452,108324.99866,12,12,0.58448E-14*,
293,7i-7I,246657546658.13,107440.72452,107440.72493,12,14,0.83049E-21*,
294,7i-8I,190619.15798258,107440.72452,107965.33077,12,14,0.15463E-15*,
295,7i-9I,113087.07839099,107440.72452,108324.99885,12,14,0.95091E-16*,
296,7I-8i,190619.40398276,107440.72493,107965.33049,14,12,0.67977E-15*,
297,7I-9i,113087.15463385,107440.72493,108324.99866,14,12,0.63085E-15*,
298,7I-8I,190619.30529489,107440.72493,107965.33077,14,14,0.69684E-14*,
299,7I-9I,113087.13023896,107440.72493,108324.99885,14,14,0.92748E-14*,
300,7I-9l,113087.11194281,107440.72493,108324.99899,14,16,0.38258E-14*,
301,7I-10l,87600.76743347,107440.72493,108582.26744,14,16,0.26202E-14*,
302,7I-11l,75081.15831851,107440.72493,108772.61701,14,16,0.17326E-14*,
303,8h-8H,262991583564.64,107965.33011,107965.33049,10,12,0.67478E-21*,
304,8H-8k,368188465111.35,107965.33049,107965.33077,12,14,0.10290E-36*,
305,8H-9k,278033.91185848,107965.33049,108324.99885,12,14,0.13342E-16*,
306,8H-10k,162091.14640639,107965.33049,108582.26734,12,14,0.39602E-17*,
307,8i-9i,278034.05931639,107965.33049,108324.99866,12,12,0.13691E-14*,
308,8i-8I,368188465111.35,107965.33049,107965.33077,12,14,0.24969E-21*,
309,8i-9I,278033.91185848,107965.33049,108324.99885,12,14,0.86415E-16*,
310,8I-9i,278034.26927136,107965.33077,108324.99866,14,12,0.29238E-15*,
311,8I-9I,278034.12181323,107965.33077,108324.99885,14,14,0.21725E-14*,
312,8I-9l,278034.01121978,107965.33077,108324.99899,14,16,0.18762E-15*,
313,8I-10l,162091.19036352,107965.33077,108582.26744,14,16,0.19077E-15*,
314,8I-11l,123871.80004139,107965.33077,108772.61701,14,16,0.31468E-15*,
315,8k-9k,278034.12181323,107965.33077,108324.99885,14,14,0.10550E-14*,
316,8k-10k,162091.21776537,107965.33077,108582.26734,14,14,0.13992E-14*,
317,8k-8K,490918174492.45,107965.33077,107965.33097,14,16,0.10651E-21*,
318,8k-9K,278034.01121978,107965.33077,108324.99899,14,16,0.25061E-16*,
319,8k-10K,162091.19036352,107965.33077,108582.26744,14,16,0.14909E-16*,
320,8K-9k,278034.27927942,107965.33097,108324.99885,16,14,0.11256E-15*,
321,8K-10k,162091.27128461,107965.33097,108582.26734,16,14,0.10369E-15*,
322,8K-9K,278034.16868585,107965.33097,108324.99899,16,16,0.15741E-14*,
323,8K-10K,162091.24388275,107965.33097,108582.26744,16,16,0.20876E-14*,
324,8K-10m,162091.22257020,107965.33097,108582.26752,16,18,0.10916E-14*,
325,8K-11m,123871.82194602,107965.33097,108772.61707,16,18,0.73288E-15*,
326,8K-12m,105035.11580760,107965.33097,108917.39352,16,18,0.47731E-15*,
327,9i-9I,524237044611.41,108324.99866,108324.99885,12,14,0.86504E-22*,
328,9I-9l,698983024075.12,108324.99885,108324.99899,14,16,0.73292E-38*,
329,9I-10l,388698.82969908,108324.99885,108582.26744,14,16,0.72366E-16*,
330,9I-11l,223404.69932013,108324.99885,108772.61701,14,16,0.59005E-17*,
331,9k-10k,388698.98727418,108324.99885,108582.26734,14,14,0.40413E-15*,
332,9k-9K,698983024075.12,108324.99885,108324.99899,14,16,0.36899E-22*,
333,9k-10K,388698.82969908,108324.99885,108582.26744,14,16,0.16180E-16*,
334,9K-10k,388699.20342676,108324.99899,108582.26734,16,14,0.57068E-16*,
335,9K-10K,388699.04585149,108324.99899,108582.26744,16,16,0.60298E-15*,
336,9K-10m,388698.92329307,108324.99899,108582.26752,16,18,0.49800E-16*,
337,9K-11m,223404.74030593,108324.99899,108772.61707,16,18,0.81179E-16*,
338,9K-12m,168806.42188798,108324.99899,108917.39352,16,18,0.12352E-15*,
339,9l-10l,388699.04585149,108324.99899,108582.26744,16,16,0.31889E-15*,
340,9l-11l,223404.77072340,108324.99899,108772.61701,16,16,0.41761E-15*,
341,9l-9L,898692729289.80,108324.99899,108324.99910,16,18,0.17507E-22*,
342,9l-10L,388698.92329307,108324.99899,108582.26752,16,18,0.73604E-17*,
343,9l-11L,223404.74030593,108324.99899,108772.61707,16,18,0.50073E-17*,
344,9L-10l,388699.21397015,108324.99910,108582.26744,18,16,0.18361E-16*,
345,9L-11l,223404.82625930,108324.99910,108772.61701,18,16,0.15872E-16*,
346,9L-10L,388699.09141162,108324.99910,108582.26752,18,18,0.39154E-15*,
347,9L-11L,223404.79584181,108324.99910,108772.61707,18,18,0.51275E-15*,
348,9L-11n,223404.77150783,108324.99910,108772.61712,18,20,0.69467E-17*,
349,9L-12n,168806.44289443,108324.99910,108917.39355,18,20,0.69156E-17*,
350,9L-13n,141830.98228781,108324.99910,109030.06367,18,20,0.57041E-17*,
351,10k-10K,958824383185.56,108582.26734,108582.26744,14,16,0.14296E-22*,
352,10K-10m,1232774562922.2,108582.26744,108582.26752,16,18,0.70300E-39*,
353,10K-11m,525349.06819086,108582.26744,108772.61707,16,18,0.22687E-16*,
354,10K-12m,298395.16186933,108582.26744,108917.39352,16,18,0.49490E-17*,
355,10l-11l,525349.23639411,108582.26744,108772.61701,16,16,0.14402E-15*,
356,10l-10L,1232774562922.2,108582.26744,108582.26752,16,18,0.67827E-23*,
357,10l-11L,525349.06819086,108582.26744,108772.61707,16,18,0.49465E-17*,
358,10L-11l,525349.46027278,108582.26752,108772.61701,18,16,0.10922E-16*,
359,10L-11L,525349.29206939,108582.26752,108772.61707,18,18,0.17684E-15*,
360,10L-11n,525349.15750679,108582.26752,108772.61712,18,20,0.12210E-19*,
361,10L-12n,298395.20065794,108582.26752,108917.39355,18,20,0.18000E-17*,
362,10L-13n,223315.89991496,108582.26752,109030.06367,18,20,0.29792E-17*,
363,10m-11m,525349.29206939,108582.26752,108772.61707,18,18,0.99732E-16*,
364,10m-12m,298395.23409640,108582.26752,108917.39352,18,18,0.12821E-15*,
365,10m-10M,1540968525326.4,108582.26752,108582.26759,18,20,0.34956E-23*,
366,10m-11M,525349.15750679,108582.26752,108772.61712,18,20,0.17561E-17*,
367,10m-12M,298395.20065794,108582.26752,108917.39355,18,20,0.11592E-17*,
368,10M-11m,525349.47117232,108582.26759,108772.61707,20,18,0.43904E-17*,
369,10M-12m,298395.29187806,108582.26759,108917.39352,20,18,0.37125E-17*,
370,10M-11M,525349.33660962,108582.26759,108772.61712,20,20,0.11985E-15*,
371,10M-12M,298395.25843959,108582.26759,108917.39355,20,20,0.15407E-15*,
372,10M-12o,298395.23108085,108582.26759,108917.39359,20,22,0.20184E-17*,
373,10M-13o,223315.92022554,108582.26759,109030.06369,20,22,0.19578E-17*,
374,10M-14o,186151.65928574,108582.26759,109119.46398,20,22,0.15822E-17*,
375,11l-11L,1640822855491.7,108772.61701,108772.61707,16,18,0.28765E-23*,
376,11L-11n,2051028980755.6,108772.61707,108772.61712,18,20,0.85454E-40*,
377,11L-12n,690719.90043286,108772.61707,108917.39355,18,20,0.33177E-20*,
378,11L-13n,388430.06427638,108772.61707,109030.06367,18,20,0.48580E-18*,
379,11m-12m,690720.07960340,108772.61707,108917.39352,18,18,0.51540E-16*,
380,11m-11M,2051028980755.6,108772.61707,108772.61712,18,20,0.14825E-23*,
381,11m-12M,690719.90043286,108772.61707,108917.39355,18,20,0.13018E-17*,
382,11M-12m,690720.31221561,108772.61712,108917.39352,20,18,0.29063E-17*,
383,11M-12M,690720.13304495,108772.61712,108917.39355,20,20,0.61936E-16*,
384,11M-12o,690719.98645087,108772.61712,108917.39359,20,22,0.36141E-20*,
385,11M-13o,388430.10137550,108772.61712,109030.06369,20,22,0.59232E-18*,
386,11M-14o,288311.67561670,108772.61712,109119.46398,20,22,0.96444E-18*,
387,11n-12n,690720.13304495,108772.61712,108917.39355,20,20,0.34561E-16*,
388,11n-13n,388430.13783845,108772.61712,109030.06367,20,20,0.43446E-16*,
389,11n-11N,2506813592168.0,108772.61712,108772.61716,20,22,0.81625E-24*,
390,11n-12N,690719.98645087,108772.61712,108917.39359,20,22,0.47895E-18*,
391,11n-13N,388430.10137550,108772.61712,109030.06369,20,22,0.30612E-18*,
392,11N-12n,690720.32336403,108772.61716,108917.39355,22,20,0.11998E-17*,
393,11N-13n,388430.19802562,108772.61716,109030.06367,22,20,0.98922E-18*,
394,11N-12N,690720.17676986,108772.61716,108917.39359,22,22,0.40815E-16*,
395,11N-13N,388430.16156265,108772.61716,109030.06369,22,22,0.51308E-16*,
396,11N-13q,388430.13117686,108772.61716,109030.06371,22,24,0.65308E-18*,
397,11N-14q,288311.69537237,108772.61716,109119.46400,22,24,0.61577E-18*,
398,11N-15q,238680.33170605,108772.61716,109191.58758,22,24,0.48636E-18*,
399,12m-12M,2662793342456.8,108917.39352,108917.39355,18,20,0.67746E-24*,
400,12M-12o,3254525679074.0,108917.39355,108917.39359,20,22,0.12602E-40*,
401,12M-13o,887546.60489146,108917.39355,109030.06369,20,22,0.11842E-20*,
402,12M-14o,494876.97205242,108917.39355,109119.46398,20,22,0.17939E-18*,
403,12n-13n,887546.79526581,108917.39355,109030.06367,20,20,0.19983E-16*,
404,12n-12N,3254525679074.0,108917.39355,108917.39359,20,22,0.37302E-24*,
405,12n-13N,887546.60489146,108917.39355,109030.06369,20,22,0.38532E-18*,
406,12N-13n,887547.03731015,108917.39359,109030.06367,22,20,0.86867E-18*,
407,12N-13N,887546.84693570,108917.39359,109030.06369,22,22,0.23599E-16*,
408,12N-13q,887546.68829041,108917.39359,109030.06371,22,24,0.11788E-20*,
409,12N-14q,494877.00781266,108917.39359,109119.46400,22,24,0.21259E-18*,
410,12N-15q,364705.28584536,108917.39359,109191.58758,22,24,0.33950E-18*,
411,12o-13o,887546.84693570,108917.39359,109030.06369,22,22,0.13052E-16*,
412,12o-14o,494877.04730248,108917.39359,109119.46398,22,22,0.16004E-16*,
413,12o-12O,3905431259850.5,108917.39359,108917.39361,22,24,0.21680E-24*,
414,12o-13O,887546.68829041,108917.39359,109030.06371,22,24,0.14593E-18*,
415,12o-14O,494877.00781266,108917.39359,109119.46400,22,24,0.90220E-19*,
416,12O-13o,887547.04863931,108917.39361,109030.06369,24,22,0.36625E-18*,
417,12O-14o,494877.11001088,108917.39361,109119.46398,24,22,0.29381E-18*,
418,12O-13O,887546.88999395,108917.39361,109030.06371,24,24,0.15193E-16*,
419,12O-14O,494877.07052104,108917.39361,109119.46400,24,24,0.18630E-16*,
420,12O-14r,494877.03710657,108917.39361,109119.46401,24,26,0.23130E-18*,
421,12O-15r,364705.30514821,108917.39361,109191.58759,24,26,0.21168E-18*,
422,12O-16r,300100.36662514,108917.39361,109250.61546,24,26,0.16313E-18*,
423,13n-13N,4137842985718.6,109030.06367,109030.06369,20,22,0.18150E-24*,
424,13N-13q,4965412141864.5,109030.06369,109030.06371,22,24,0.21820E-41*,
425,13N-14q,1118564.4634333,109030.06369,109119.46400,22,24,0.45062E-21*,
426,13N-15q,619103.47340750,109030.06369,109191.58758,22,24,0.70935E-19*,
427,13o-14o,1118564.6651829,109030.06369,109119.46398,22,22,0.82992E-17*,
428,13o-13O,4965412141864.5,109030.06369,109030.06371,22,24,0.10549E-24*,
429,13o-14O,1118564.4634333,109030.06369,109119.46400,22,24,0.12583E-18*,
430,13O-14o,1118564.9171634,109030.06371,109119.46398,24,22,0.28613E-18*,
431,13O-14O,1118564.7154137,109030.06371,109119.46400,24,24,0.96608E-17*,
432,13O-14r,1118564.5447025,109030.06371,109119.46401,24,26,0.41763E-21*,
433,13O-15r,619103.50808091,109030.06371,109191.58759,24,26,0.82189E-19*,
434,13O-16r,453408.32993059,109030.06371,109250.61546,24,26,0.12846E-18*,
435,13q-14q,1118564.7154137,109030.06371,109119.46400,24,24,0.53027E-17*,
436,13q-15q,619103.55059931,109030.06371,109191.58758,24,24,0.63323E-17*,
437,13q-13Q,5868214881179.3,109030.06371,109030.06373,24,26,0.64141E-25*,
438,13q-14Q,1118564.5447025,109030.06371,109119.46401,24,26,0.48811E-19*,
439,13q-15Q,619103.50808091,109030.06371,109191.58759,24,26,0.29177E-19*,
440,13Q-14q,1118564.9286280,109030.06373,109119.46400,26,24,0.12271E-18*,
441,13Q-15q,619103.61591547,109030.06373,109191.58758,26,24,0.95669E-19*,
442,13Q-14Q,1118564.7579167,109030.06373,109119.46401,26,26,0.60984E-17*,
443,13Q-15Q,619103.57339706,109030.06373,109191.58759,26,26,0.72824E-17*,
444,13Q-15t,619103.53695272,109030.06373,109191.58760,26,28,0.88465E-19*,
445,13Q-16t,453408.34885692,109030.06373,109250.61547,26,28,0.78526E-19*,
446,13Q-17t,371095.25256730,109030.06373,109299.53632,26,28,0.58981E-19*,
447,14o-14O,6201679786173.9,109119.46398,109119.46400,22,24,0.54144E-25*,
448,14O-14r,7329258605233.9,109119.46400,109119.46401,24,26,0.43270E-42*,
449,14O-15r,1386508.7601623,109119.46400,109191.58759,24,26,0.18170E-21*,
450,14O-16r,762477.17169045,109119.46400,109250.61546,24,26,0.29784E-19*,
451,14q-15q,1386508.9734155,109119.46400,109191.58758,24,24,0.36581E-17*,
452,14q-14Q,7329258605233.9,109119.46400,109119.46401,24,26,0.32921E-25*,
453,14q-15Q,1386508.7601623,109119.46400,109191.58759,24,26,0.44668E-19*,
454,14Q-15q,1386509.2357077,109119.46401,109191.58758,26,24,0.10236E-18*,
455,14Q-15Q,1386509.0224544,109119.46401,109191.58759,26,26,0.42070E-17*,
456,14Q-15t,1386508.8396660,109119.46401,109191.58760,26,28,0.15892E-21*,
457,14Q-16t,762477.20546427,109119.46401,109250.61547,26,28,0.33886E-19*,
458,14Q-17t,555332.44952642,109119.46401,109299.53632,26,28,0.51763E-19*,
459,14r-15r,1386509.0224544,109119.46401,109191.58759,26,26,0.22942E-17*,
460,14r-16r,762477.25101245,109119.46401,109250.61546,26,26,0.26654E-17*,
461,14r-14R,8550802302296.7,109119.46401,109119.46402,26,28,0.20795E-25*,
462,14r-15R,1386508.8396660,109119.46401,109191.58760,26,28,0.17681E-19*,
463,14r-16R,762477.20546427,109119.46401,109250.61547,26,28,0.10218E-19*,
464,14R-15r,1386509.2472763,109119.46402,109191.58759,28,26,0.44519E-19*,
465,14R-16r,762477.31900275,109119.46402,109250.61546,28,26,0.33706E-19*,
466,14R-15R,1386509.0644878,109119.46402,109191.58760,28,28,0.26113E-17*,
467,14R-16R,762477.27345456,109119.46402,109250.61547,28,28,0.30338E-17*,
468,14R-16u,762477.23397947,109119.46402,109250.61548,28,30,0.36154E-19*,
469,14R-17u,555332.46813476,109119.46402,109299.53633,28,30,0.31115E-19*,
470,14R-18u,452348.56155231,109119.46402,109340.53248,28,30,0.22763E-19*,
471,15q-15Q,9014667297057.7,109191.58758,109191.58759,24,26,0.17693E-25*,
472,15Q-15t,10517112673320.,109191.58759,109191.58760,26,28,0.96372E-43*,
473,15Q-16t,1694114.7807031,109191.58759,109250.61547,26,28,0.77194E-22*,
474,15Q-17t,926365.68066119,109191.58759,109299.53632,26,28,0.13185E-19*,
475,15r-16r,1694115.0055584,109191.58759,109250.61546,26,26,0.16985E-17*,
476,15r-15R,10517112673320.,109191.58759,109191.58760,26,28,0.11176E-25*,
477,15r-16R,1694114.7807031,109191.58759,109250.61547,26,28,0.17037E-19*,
478,15R-16r,1694115.2784494,109191.58760,109250.61546,28,26,0.39312E-19*,
479,15R-16R,1694115.0535941,109191.58760,109250.61547,28,28,0.19333E-17*,
480,15R-16u,1694114.8587196,109191.58760,109250.61548,28,30,0.64361E-22*,
481,15R-17u,926365.71367822,109191.58760,109299.53633,28,30,0.14778E-19*,
482,15R-18u,671389.31578615,109191.58760,109340.53248,28,30,0.22042E-19*,
483,15t-16t,1694115.0535941,109191.58760,109250.61547,28,28,0.10484E-17*,
484,15t-17t,926365.76225711,109191.58760,109299.53632,28,28,0.11844E-17*,
485,15t-15T,12135130614734.,109191.58760,109191.58761,28,30,0.72947E-26*,
486,15t-16T,1694114.8587196,109191.58760,109250.61548,28,30,0.68612E-20*,
487,15t-17T,926365.71367822,109191.58760,109299.53633,28,30,0.38345E-20*,
488,15T-16t,1694115.2900997,109191.58761,109250.61547,30,28,0.17300E-19*,
489,15T-17t,926365.83297358,109191.58761,109299.53632,30,28,0.12716E-19*,
490,15T-16T,1694115.0952251,109191.58761,109250.61548,30,30,0.11827E-17*,
491,15T-17T,926365.78439469,109191.58761,109299.53633,30,30,0.13361E-17*,
492,15T-17v,926365.74188816,109191.58761,109299.53634,30,32,0.15653E-19*,
493,15T-18v,671389.33412236,109191.58761,109340.53249,30,32,0.13061E-19*,
494,15T-19v,544543.92453795,109191.58761,109375.22753,30,32,0.93034E-20*,
495,16r-16R,12763879284513.,109250.61546,109250.61547,26,28,0.62523E-26*,
496,16R-16u,14727553749653.,109250.61547,109250.61548,28,30,0.23733E-43*,
497,16R-17u,2044117.8117427,109250.61547,109299.53633,28,30,0.34379E-22*,
498,16R-18u,1112136.6214303,109250.61547,109340.53248,28,30,0.61180E-20*,
499,16t-17t,2044118.0482771,109250.61547,109299.53632,28,28,0.82568E-18*,
500,16t-16T,14727553749653.,109250.61547,109250.61548,28,30,0.40808E-26*,
501,16t-17T,2044117.8117427,109250.61547,109299.53633,28,30,0.69172E-20*,
502,16T-17t,2044118.3319915,109250.61548,109299.53632,30,28,0.16059E-19*,
503,16T-17T,2044118.0954570,109250.61548,109299.53633,30,30,0.93148E-18*,
504,16T-17v,2044117.8884893,109250.61548,109299.53634,30,32,0.27531E-22*,
505,16T-18v,1112136.6538019,109250.61548,109340.53249,30,32,0.67725E-20*,
506,16T-19v,802490.62093426,109250.61548,109375.22753,30,32,0.98563E-20*,
507,16u-17u,2044118.0954570,109250.61548,109299.53633,30,30,0.50261E-18*,
508,16u-18u,1112136.7054122,109250.61548,109340.53248,30,30,0.55200E-18*,
509,16u-16U,16831490707048.,109250.61548,109250.61548,30,32,0.27401E-26*,
510,16u-17U,2044117.8884893,109250.61548,109299.53634,30,32,0.28274E-20*,
511,16u-18U,1112136.6538019,109250.61548,109340.53249,30,32,0.15287E-20*,
512,16U-17u,2044118.3437071,109250.61548,109299.53633,32,30,0.71382E-20*,
513,16U-18u,1112136.7788964,109250.61548,109340.53248,32,30,0.50936E-20*,
514,16U-17U,2044118.1367394,109250.61548,109299.53634,32,32,0.56262E-18*,
515,16U-18U,1112136.7272861,109250.61548,109340.53249,32,32,0.61791E-18*,
516,16U-18w,1112136.6817476,109250.61548,109340.53249,32,34,0.71294E-20*,
517,16U-19w,802490.63903497,109250.61548,109375.22753,32,34,0.57684E-20*,
518,16U-20w,648365.01504834,109250.61548,109404.84959,32,34,0.40002E-20*,
519,17t-17T,17665153970005.,109299.53632,109299.53633,28,30,0.23648E-26*,
520,17T-17v,20188748339399.,109299.53633,109299.53634,30,32,0.63815E-44*,
521,17T-18v,2439253.1407282,109299.53633,109340.53249,30,32,0.15977E-22*,
522,17T-19v,1321157.6204182,109299.53633,109375.22753,30,32,0.29606E-20*,
523,17u-18u,2439253.3890036,109299.53633,109340.53248,30,30,0.41806E-18*,
524,17u-17U,20188748339399.,109299.53633,109299.53634,30,32,0.15879E-26*,
525,17u-18U,2439253.1407282,109299.53633,109340.53249,30,32,0.29666E-20*,
526,17U-18u,2439253.6837201,109299.53634,109340.53248,32,30,0.69259E-20*,
527,17U-18U,2439253.4354447,109299.53634,109340.53249,32,32,0.46797E-18*,
528,17U-18w,2439253.2163782,109299.53634,109340.53249,32,34,0.12361E-22*,
529,17U-19w,1321157.6522329,109299.53634,109375.22753,32,34,0.32431E-20*,
530,17U-20w,949548.07257167,109299.53634,109404.84959,32,34,0.46040E-20*,
531,17v-18v,2439253.4354447,109299.53634,109340.53249,32,32,0.25140E-18*,
532,17v-19v,1321157.7068751,109299.53634,109375.22753,32,32,0.26842E-18*,
533,17v-17V,22880582300894.,109299.53634,109299.53634,32,34,0.10930E-26*,
534,17v-18V,2439253.2163782,109299.53634,109340.53249,32,34,0.12284E-20*,
535,17v-19V,1321157.6522329,109299.53634,109375.22753,32,34,0.64285E-21*,
536,17V-18v,2439253.6954887,109299.53634,109340.53249,34,32,0.31050E-20*,
537,17V-19v,1321157.7831606,109299.53634,109375.22753,34,32,0.21513E-20*,
538,17V-18V,2439253.4764221,109299.53634,109340.53249,34,34,0.27951E-18*,
539,17V-19V,1321157.7285184,109299.53634,109375.22753,34,34,0.29843E-18*,
540,17V-19x,1321157.6799476,109299.53634,109375.22753,34,36,0.33963E-20*,
541,17V-20x,949548.09046656,109299.53634,109404.84959,34,36,0.26655E-20*,
542,17V-21x,764495.53797232,109299.53634,109430.34155,34,36,0.17996E-20*,
543,18u-18U,23965149309511.,109340.53248,109340.53249,30,32,0.94929E-27*,
544,18U-18w,27160503747913.,109340.53249,109340.53249,32,34,0.18541E-44*,
545,18U-19w,2882256.0556627,109340.53249,109375.22753,32,34,0.77169E-23*,
546,18U-20w,1554796.3079581,109340.53249,109404.84959,32,34,0.14878E-20*,
547,18v-19v,2882256.3157290,109340.53249,109375.22753,32,32,0.21951E-18*,
548,18v-18V,27160503747913.,109340.53249,109340.53249,32,34,0.65344E-27*,
549,18v-19V,2882256.0556627,109340.53249,109375.22753,32,34,0.13355E-20*,
550,18V-19v,2882256.6215924,109340.53249,109375.22753,34,32,0.31337E-20*,
551,18V-19V,2882256.3615260,109340.53249,109375.22753,34,34,0.24405E-18*,
552,18V-19x,2882256.1303560,109340.53249,109375.22753,34,36,0.57958E-23*,
553,18V-20x,1554796.3392875,109340.53249,109404.84959,34,36,0.16152E-20*,
554,18V-21x,1113473.3897331,109340.53249,109430.34155,34,36,0.22364E-20*,
555,18w-19w,2882256.3615260,109340.53249,109375.22753,34,34,0.13060E-18*,
556,18w-20w,1554796.3969620,109340.53249,109404.84959,34,34,0.13557E-18*,
557,18w-18W,30555567555235.,109340.53249,109340.53249,34,36,0.45975E-27*,
558,18w-19W,2882256.1303560,109340.53249,109375.22753,34,36,0.55936E-21*,
559,18w-20W,1554796.3392875,109340.53249,109404.84959,34,36,0.28350E-21*,
560,18W-19w,2882256.6334045,109340.53249,109375.22753,36,34,0.14153E-20*,
561,18W-20w,1554796.4760767,109340.53249,109404.84959,36,34,0.95240E-21*,
562,18W-19W,2882256.4022345,109340.53249,109375.22753,36,36,0.14432E-18*,
563,18W-20W,1554796.4184021,109340.53249,109404.84959,36,36,0.14982E-18*,
564,18W-20y,1554796.3667986,109340.53249,109404.84960,36,38,0.16841E-20*,
565,18W-21y,1113473.4074466,109340.53249,109430.34155,36,38,0.12825E-20*,
566,18W-22y,893619.22172223,109340.53249,109452.43698,36,38,0.84312E-21*,
567,19v-19V,31943396898153.,109375.22753,109375.22753,32,34,0.40167E-27*,
568,19V-19x,35936322875454.,109375.22753,109375.22753,34,36,0.57705E-45*,
569,19V-20x,3375861.8449630,109375.22753,109404.84959,34,36,0.38602E-23*,
570,19V-21x,1814420.3173187,109375.22753,109430.34155,34,36,0.77354E-21*,
571,19w-20w,3375862.1168613,109375.22753,109404.84959,34,34,0.11909E-18*,
572,19w-19W,35936322875454.,109375.22753,109375.22753,34,36,0.28261E-27*,
573,19w-20W,3375861.8449630,109375.22753,109404.84959,34,36,0.62778E-21*,
574,19W-20w,3375862.4339902,109375.22753,109404.84959,36,34,0.14798E-20*,
575,19W-20W,3375862.1620918,109375.22753,109404.84959,36,36,0.13161E-18*,
576,19W-20y,3375861.9188143,109375.22753,109404.84960,36,38,0.28251E-23*,
577,19W-21y,1814420.3482213,109375.22753,109430.34155,36,38,0.83341E-21*,
578,19W-22y,1295178.3000986,109375.22753,109452.43698,36,38,0.11254E-20*,
579,19x-20x,3375862.1620918,109375.22753,109404.84959,36,36,0.70181E-19*,
580,19x-21x,1814420.4089285,109375.22753,109430.34155,36,36,0.70855E-19*,
581,19x-19X,40164126495520.,109375.22753,109375.22753,36,38,0.20275E-27*,
582,19x-20X,3375861.9188143,109375.22753,109404.84960,36,38,0.26561E-21*,
583,19x-21X,1814420.3482213,109375.22753,109430.34155,36,38,0.13046E-21*,
584,19X-20x,3375862.4458387,109375.22753,109404.84959,38,36,0.67272E-21*,
585,19X-21x,1814420.4908952,109375.22753,109430.34155,38,36,0.43982E-21*,
586,19X-20X,3375862.2025612,109375.22753,109404.84960,38,38,0.77140E-19*,
587,19X-21X,1814420.4301880,109375.22753,109430.34155,38,38,0.77880E-19*,
588,19X-21z,1814420.3755515,109375.22753,109430.34155,38,40,0.86561E-21*,
589,19X-22z,1295178.3176510,109375.22753,109452.43698,38,40,0.63998E-21*,
590,19X-23z,1036419.8126331,109375.22753,109471.71353,38,40,0.40975E-21*,
591,20w-20W,41914358143731.,109404.84959,109404.84959,34,36,0.17812E-27*,
592,20W-20y,46845460310444.,109404.84959,109404.84960,36,38,0.19101E-45*,
593,20W-21y,3922805.7973588,109404.84959,109430.34155,36,38,0.19936E-23*,
594,20W-22y,2101397.2840048,109404.84959,109452.43698,36,38,0.41480E-21*,
595,20x-21x,3922806.0811234,109404.84959,109430.34155,36,36,0.66552E-19*,
596,20x-20X,46845460310444.,109404.84959,109404.84960,36,38,0.12778E-27*,
597,20x-21X,3922805.7973588,109404.84959,109430.34155,36,38,0.30676E-21*,
598,20X-21x,3922806.4096165,109404.84960,109430.34155,38,36,0.72611E-21*,
599,20X-21X,3922806.1258518,109404.84960,109430.34155,38,38,0.73151E-19*,
600,20X-21z,3922805.8704636,109404.84960,109430.34155,38,40,0.14261E-23*,
601,20X-22z,2101397.3145293,109404.84960,109452.43698,38,40,0.44396E-21*,
602,20X-23z,1495574.5379827,109404.84960,109471.71353,38,40,0.58479E-21*,
603,20y-21y,3922806.1258518,109404.84960,109430.34155,38,38,0.38885E-19*,
604,20y-22y,2101397.3782695,109404.84960,109452.43698,38,38,0.38193E-19*,
605,20y-20Y,52050511198317.,109404.84960,109404.84960,38,40,0.93288E-28*,
606,20y-21Y,3922805.8704636,109404.84960,109430.34155,38,40,0.13096E-21*,
607,20y-22Y,2101397.3145293,109404.84960,109452.43698,38,40,0.62383E-22*,
608,20Y-21y,3922806.4214956,109404.84960,109430.34155,40,38,0.33200E-21*,
609,20Y-22y,2101397.4631077,109404.84960,109452.43698,40,38,0.21098E-21*,
610,20Y-21Y,3922806.1661074,109404.84960,109430.34155,40,40,0.42533E-19*,
611,20Y-22Y,2101397.3993675,109404.84960,109452.43698,40,40,0.41777E-19*,
612,20Y-22a,2101397.3416978,109404.84960,109452.43698,40,42,0.45958E-21*,
613,20Y-23a,1495574.5553910,109404.84960,109471.71353,40,42,0.33005E-21*,
614,20Y-24a,1193581.0708894,109404.84960,109488.63109,40,42,0.20589E-21*,
615,21x-21X,54229475953664.,109430.34155,109430.34155,36,38,0.82371E-28*,
616,21X-21z,60254972763771.,109430.34155,109430.34155,38,40,0.66832E-46*,
617,21X-22z,4525823.2018207,109430.34155,109452.43698,38,40,0.10601E-23*,
618,21X-23z,2417094.8452499,109430.34155,109471.71353,38,40,0.22878E-21*,
619,21y-22y,4525823.4974804,109430.34155,109452.43698,38,38,0.38203E-19*,
620,21y-21Y,60254972763771.,109430.34155,109430.34155,38,40,0.60134E-28*,
621,21y-22Y,4525823.2018207,109430.34155,109452.43698,38,40,0.15523E-21*,
622,21Y-22y,4525823.8374204,109430.34155,109452.43698,40,38,0.36885E-21*,
623,21Y-22Y,4525823.5417607,109430.34155,109452.43698,40,40,0.41787E-19*,
624,21Y-22a,4525823.2742590,109430.34155,109452.43698,40,42,0.74319E-24*,
625,21Y-23a,2417094.8754370,109430.34155,109471.71353,40,42,0.24346E-21*,
626,21Y-24a,1715573.8428603,109430.34155,109488.63109,40,42,0.31284E-21*,
627,21z-22z,4525823.5417607,109430.34155,109452.43698,40,40,0.22149E-19*,
628,21z-23z,2417094.9422104,109430.34155,109471.71353,40,40,0.21173E-19*,
629,21z-21Z,66597603886747.,109430.34155,109430.34156,40,42,0.44594E-28*,
630,21z-22Z,4525823.2742590,109430.34155,109452.43698,40,42,0.66811E-22*,
631,21z-23Z,2417094.8754370,109430.34155,109471.71353,40,42,0.30883E-22*,
632,21Z-22z,4525823.8493255,109430.34156,109452.43698,42,40,0.16951E-21*,
633,21Z-23z,2417095.0299365,109430.34156,109471.71353,42,40,0.10475E-21*,
634,21Z-22Z,4525823.5818238,109430.34156,109452.43698,42,42,0.24122E-19*,
635,21Z-23Z,2417094.9631631,109430.34156,109471.71353,42,42,0.23059E-19*,
636,21Z-23b,2417094.9024601,109430.34156,109471.71353,42,44,0.25130E-21*,
637,21Z-24b,1715573.8601392,109430.34156,109488.63109,42,44,0.17539E-21*,
638,21Z-25b,1365786.7675141,109430.34156,109503.55943,42,44,0.10661E-21*,
639,22y-22Y,69279230175122.,109452.43698,109452.43698,38,40,0.39563E-28*,
640,22Y-22a,76571782977515.,109452.43698,109452.43698,40,42,0.24584E-46*,
641,22Y-23a,5187649.3475063,109452.43698,109471.71353,40,42,0.57906E-24*,
642,22Y-24a,2762880.6396401,109452.43698,109488.63109,40,42,0.12947E-21*,
643,22z-23z,5187649.6550856,109452.43698,109471.71353,40,40,0.22473E-19*,
644,22z-22Z,76571782977515.,109452.43698,109452.43698,40,42,0.29339E-28*,
645,22z-23Z,5187649.3475063,109452.43698,109471.71353,40,42,0.81081E-22*,
646,22Z-23z,5187650.0065429,109452.43698,109471.71353,42,40,0.19334E-21*,
647,22Z-23Z,5187649.6989636,109452.43698,109471.71353,42,42,0.24474E-19*,
648,22Z-23b,5187649.4193461,109452.43698,109471.71353,42,44,0.39868E-24*,
649,22Z-24b,2762880.6695243,109452.43698,109488.63109,42,44,0.13709E-21*,
650,22Z-25b,1956087.9582690,109452.43698,109503.55943,42,44,0.17191E-21*,
651,22a-23a,5187649.6989636,109452.43698,109471.71353,42,42,0.12939E-19*,
652,22a-24a,2762880.7393310,109452.43698,109488.63109,42,42,0.12043E-19*,
653,22a-22A,84228962809136.,109452.43698,109452.43698,42,44,0.22069E-28*,
654,22a-23A,5187649.4193461,109452.43698,109471.71353,42,44,0.35153E-22*,
655,22a-24A,2762880.6695243,109452.43698,109488.63109,42,44,0.15779E-22*,
656,22A-23a,5187650.0184702,109452.43698,109471.71353,44,42,0.89258E-22*,
657,22A-24a,2762880.8299591,109452.43698,109488.63109,44,42,0.53668E-22*,
658,22A-23A,5187649.7388527,109452.43698,109471.71353,44,44,0.14035E-19*,
659,22A-24A,2762880.7601524,109452.43698,109488.63109,44,44,0.13064E-19*,
660,22A-24c,2762880.6964158,109452.43698,109488.63109,44,46,0.14114E-21*,
661,22A-25c,1956087.9754308,109452.43698,109503.55943,44,46,0.95787E-22*,
662,22A-26c,1553720.6821108,109452.43698,109516.79862,44,46,0.56771E-22*,
663,23z-23Z,87495197783061.,109471.71353,109471.71353,40,42,0.19665E-28*,
664,23Z-23b,96244721767070.,109471.71353,109471.71353,42,44,0.94637E-47*,
665,23Z-24b,5911019.5237210,109471.71353,109488.63109,42,44,0.32420E-24*,
666,23Z-25b,3140122.3068323,109471.71353,109503.55943,42,44,0.75023E-22*,
667,23a-24a,5911019.8432408,109471.71353,109488.63109,42,42,0.13519E-19*,
668,23a-23A,96244721767070.,109471.71353,109471.71353,42,44,0.14792E-28*,
669,23a-24A,5911019.5237210,109471.71353,109488.63109,42,44,0.43592E-22*,
670,23A-24a,5911020.2062753,109471.71353,109488.63109,44,42,0.10428E-21*,
671,23A-24A,5911019.8867555,109471.71353,109488.63109,44,44,0.14665E-19*,
672,23A-24c,5911019.5950201,109471.71353,109488.63109,44,46,0.21961E-24*,
673,23A-25c,3140122.3364431,109471.71353,109503.55943,44,46,0.79082E-22*,
674,23A-26c,2218028.6309795,109471.71353,109516.79862,44,46,0.96797E-22*,
675,23b-24b,5911019.8867555,109471.71353,109488.63109,44,44,0.77346E-20*,
676,23b-25b,3140122.4092833,109471.71353,109503.55943,44,44,0.70126E-20*,
677,23b-23B,105410883676776.,109471.71353,109471.71354,44,46,0.11271E-28*,
678,23b-24B,5911019.5950201,109471.71353,109488.63109,44,46,0.19025E-22*,
679,23b-25B,3140122.3364431,109471.71353,109503.55943,44,46,0.82986E-23*,
680,23B-24b,5911020.2182218,109471.71354,109488.63109,46,44,0.48341E-22*,
681,23B-25b,3140122.5028255,109471.71354,109503.55943,46,44,0.28291E-22*,
682,23B-24B,5911019.9264864,109471.71354,109488.63109,46,46,0.83599E-20*,
683,23B-25B,3140122.4299853,109471.71354,109503.55943,46,46,0.75795E-20*,
684,23B-25e,3140122.3632151,109471.71354,109503.55943,46,48,0.81237E-22*,
685,23B-26e,2218028.6480349,109471.71354,109516.79862,46,48,0.53642E-22*,
686,24a-24A,109352099651987.,109488.63109,109488.63109,42,44,0.10085E-28*,
687,24A-24c,119766585926412.,109488.63109,109488.63109,44,46,0.37974E-47*,
688,24A-25c,6698669.0198875,109488.63109,109503.55943,44,46,0.18569E-24*,
689,24A-26c,3550187.4873404,109488.63109,109516.79862,44,46,0.44429E-22*,
690,24b-25b,6698669.3513657,109488.63109,109503.55943,44,44,0.83024E-20*,
691,24b-24B,119766585926412.,109488.63109,109488.63109,44,46,0.76845E-29*,
692,24b-25B,6698669.0198875,109488.63109,109503.55943,44,46,0.24063E-22*,
693,24B-25b,6698669.7260293,109488.63109,109503.55943,46,44,0.57738E-22*,
694,24B-25B,6698669.3945510,109488.63109,109503.55943,46,46,0.89736E-20*,
695,24B-25e,6698669.0906959,109488.63109,109503.55943,46,48,0.12395E-24*,
696,24B-26e,3550187.5167032,109488.63109,109516.79862,46,48,0.46648E-22*,
697,24c-25c,6698669.3945510,109488.63109,109503.55943,46,46,0.47224E-20*,
698,24c-26c,3550187.5925770,109488.63109,109516.79862,46,46,0.41727E-20*,
699,24c-24C,130654460080813.,109488.63109,109488.63109,46,48,0.59247E-29*,
700,24c-25C,6698669.0906959,109488.63109,109503.55943,46,48,0.10566E-22*,
701,24c-26C,3550187.5167032,109488.63109,109516.79862,46,48,0.44815E-23*,
702,24C-25c,6698669.7379925,109488.63109,109503.55943,48,46,0.26865E-22*,
703,24C-26c,3550187.6890439,109488.63109,109516.79862,48,46,0.15313E-22*,
704,24C-25C,6698669.4341374,109488.63109,109503.55943,48,48,0.50874E-20*,
705,24C-26C,3550187.6131701,109488.63109,109516.79862,48,48,0.44951E-20*,
706,24C-26j,3550187.5433661,109488.63109,109516.79862,48,50,0.47824E-22*,
707,25b-25B,135369859605994.,109503.55943,109503.55943,44,46,0.53217E-29*,
708,25B-25e,147676209614840.,109503.55943,109503.55943,46,48,0.15838E-47*,
709,25B-26e,7553333.1255228,109503.55943,109516.79862,46,48,0.10862E-24*,
710,25c-26c,7553333.4689754,109503.55943,109516.79862,46,46,0.51965E-20*,
711,25c-25C,147676209614840.,109503.55943,109503.55943,46,48,0.41031E-29*,
712,25c-26C,7553333.1255228,109503.55943,109516.79862,46,48,0.13609E-22*,
713,25C-26c,7553333.8553128,109503.55943,109516.79862,48,46,0.32745E-22*,
714,25C-26C,7553333.5118603,109503.55943,109516.79862,48,48,0.55980E-20*,
715,25C-26j,7553333.1958839,109503.55943,109516.79862,48,50,0.71549E-25*,
716,25e-26e,7553333.5118603,109503.55943,109516.79862,48,48,0.29401E-20*,
717,25e-25E,160517625274351.,109503.55943,109503.55943,48,50,0.31978E-29*,
718,25e-26E,7553333.1958839,109503.55943,109516.79862,48,50,0.60088E-23*,
719,25E-26e,7553333.8672907,109503.55943,109516.79862,50,48,0.15287E-22*,
720,25E-26E,7553333.5513143,109503.55943,109516.79862,50,50,0.31577E-20*,
721,26c-26C,166115653137759.,109516.79862,109516.79862,46,48,0.28828E-29*,
722,26C-26j,180560495952628.,109516.79862,109516.79862,48,50,0.68393E-48*,
723,26e-26E,180560495952628.,109516.79862,109516.79862,48,50,0.22468E-29*,
724,26j-26J,195607197648878.,109516.79862,109516.79862,50,52,0.17686E-29*,